z,r,lm
-1.023169931092e+01,1.250306230691e-01,4.092261013126e-02
-1.022580603095e+01,3.750306310691e-01,4.094732676015e-02
-1.021400255559e+01,6.250922797242e-01,4.099650687966e-02
-1.019628314901e+01,8.750922877242e-01,4.107119667749e-02
-1.015499905233e+01,1.260253177964e+00,4.050003170359e-02
-1.007997626505e+01,1.778907474218e+00,4.047340486429e-02
-1.003134759870e+01,1.250238188316e-01,9.000000000000e-02
-1.002533414712e+01,3.750238268316e-01,9.000000000000e-02
-1.001328837890e+01,6.250717775633e-01,9.000000000000e-02
-9.995205832814e+00,8.750717855633e-01,9.000000000000e-02
-9.979451825813e+00,2.293228193420e+00,4.044881066613e-02
-9.954256611290e+00,1.254626797519e+00,9.000000000000e-02
-9.879992029987e+00,1.762052010098e+00,9.000000000000e-02
-9.853670634071e+00,2.801962212796e+00,4.042625277340e-02
-9.830995886473e+00,1.250170145941e-01,8.993896914317e-02
-9.824862263296e+00,3.750170225941e-01,8.991811639112e-02
-9.812574202203e+00,6.250512754024e-01,8.987607245537e-02
-9.794128516617e+00,8.750512834024e-01,8.981305898396e-02
-9.780843592922e+00,2.265207837253e+00,9.000000000000e-02
-9.753514170247e+00,1.249000417074e+00,8.985748877326e-02
-9.702939127892e+00,3.303870022513e+00,4.040573462482e-02
-9.680007794927e+00,1.745196545978e+00,8.987969513377e-02
-9.657051563485e+00,2.762874700083e+00,9.000000000000e-02
-9.630644174247e+00,1.250102103566e-01,7.620517385103e-02
-9.624390379469e+00,3.750102183566e-01,7.617705382089e-02
-9.611860025509e+00,6.250307732415e-01,7.612037064250e-02
-9.593051200420e+00,8.750307812415e-01,7.603544980838e-02
-9.582235360032e+00,2.237187481085e+00,8.990020594694e-02
-9.552771729204e+00,1.243374036628e+00,7.609532197870e-02
-9.527624538311e+00,3.797728741865e+00,4.038725936057e-02
-9.508915941917e+00,3.253846324350e+00,9.000000000000e-02
-9.480023559866e+00,1.728341081859e+00,7.612525399998e-02
-9.460432492900e+00,2.723787187370e+00,8.991901820146e-02
-9.430292462022e+00,1.250034061190e-01,6.343997256061e-02
-9.423918495642e+00,3.750034141190e-01,6.340755154248e-02
-9.411145848814e+00,6.250102710806e-01,6.334222122233e-02
-9.391973884222e+00,8.750102790806e-01,6.324440215913e-02
-9.383627127140e+00,2.209167124917e+00,7.615290498610e-02
-9.352029288160e+00,1.237747656183e+00,6.339938057215e-02
-9.336795738997e+00,3.736932661165e+00,9.000000000000e-02
-9.328153994144e+00,4.282335101084e+00,4.037082979091e-02
-9.314892755942e+00,3.203822626187e+00,8.993612912490e-02
-9.280039324805e+00,1.711485617739e+00,6.343396398362e-02
-9.263813422314e+00,2.684699674656e+00,7.617826982616e-02
-9.212031017282e+00,1.250000040003e-01,5.145828010961e-02
-9.205757816406e+00,3.750000120003e-01,5.143649561666e-02
-9.193186367975e+00,6.250000200001e-01,5.139250579035e-02
-9.185018894249e+00,2.181146768750e+00,6.346591945645e-02
-9.174316671991e+00,8.750000280001e-01,5.132668703131e-02
-9.145966939684e+00,3.676136580465e+00,8.995153618841e-02
-9.141108105388e+00,4.210962773799e+00,9.000000000000e-02
-9.135188369670e+00,1.232281366745e+00,5.149172623874e-02
-9.120869569966e+00,3.153798928024e+00,7.620134381740e-02
-9.105013479695e+00,4.756508376559e+00,4.035644838645e-02
-9.067194351727e+00,2.645612161943e+00,6.349523927806e-02
-9.064676635221e+00,1.695142224236e+00,5.156661275738e-02
-8.975859840027e+00,1.250000040003e-01,4.119103393986e-02
-8.972011370891e+00,2.154059484864e+00,5.165612829684e-02
-8.969908341759e+00,3.750000120003e-01,4.118659639833e-02
-8.957981582992e+00,6.250000200001e-01,4.117742997196e-02
-8.955138140371e+00,3.615340499765e+00,7.622212267189e-02
-8.954062216632e+00,4.139590446514e+00,8.996523710929e-02
-8.940079563725e+00,8.750000280001e-01,4.116377829781e-02
-8.926846383990e+00,3.103775229861e+00,6.352191635752e-02
-8.922327319388e+00,4.674787678584e+00,9.000000000000e-02
-8.902248973734e+00,1.226975168312e+00,4.128168661336e-02
-8.858746653369e+00,5.219093261585e+00,4.034411740274e-02
-8.857411012961e+00,2.607958527677e+00,5.176014098893e-02
-8.833935491113e+00,1.679310901349e+00,4.140394106506e-02
-8.767016327875e+00,4.068218119230e+00,7.624060252046e-02
-8.764309341057e+00,3.554544419065e+00,6.354594422768e-02
-8.744604557067e+00,2.127905273259e+00,4.156349089434e-02
-8.739688662772e+00,1.250000040003e-01,3.362900724627e-02
-8.739641159082e+00,4.593066980608e+00,8.997722987007e-02
-8.734058867113e+00,3.750000120003e-01,3.363447198882e-02
-8.722776798008e+00,6.250000200002e-01,3.364523065885e-02
-8.721146092570e+00,3.055776651755e+00,5.187837105914e-02
-8.705842455459e+00,8.750000280002e-01,3.366146452115e-02
-8.680983639533e+00,5.127283125221e+00,9.000000000000e-02
-8.669309577797e+00,1.221668969880e+00,3.377968860505e-02
-8.634463406016e+00,2.571738771857e+00,4.176050781050e-02
-8.603194347005e+00,1.663479578462e+00,3.391482788300e-02
-8.589953522640e+00,5.668962682689e+00,4.033383867942e-02
-8.579970439119e+00,3.996845791945e+00,6.356731705664e-02
-8.563538593613e+00,3.496465598009e+00,5.201038750429e-02
-8.556954998775e+00,4.511346282633e+00,7.625677993861e-02
-8.517197743243e+00,2.101751061654e+00,3.409615286142e-02
-8.503768695707e+00,3.009803193707e+00,4.199494527406e-02
-8.503517485517e+00,1.250000040003e-01,2.832209103385e-02
-8.503220625698e+00,5.035472988856e+00,8.998751268889e-02
-8.498209392466e+00,3.750000120003e-01,2.833179648149e-02
-8.487572013025e+00,6.250000200002e-01,2.835730737855e-02
-8.471605347193e+00,8.750000280002e-01,2.838027579334e-02
-8.436370181861e+00,1.216362771448e+00,2.848507219904e-02
-8.417662018650e+00,5.567352323904e+00,9.000000000000e-02
-8.411515799070e+00,2.535519016038e+00,3.432453175220e-02
-8.384961187526e+00,3.928994039622e+00,5.215560436034e-02
-8.374268838469e+00,4.429625584659e+00,6.358602967034e-02
-8.372453202897e+00,1.647648255575e+00,2.861125288802e-02
-8.352825898040e+00,3.441104036596e+00,4.226651162403e-02
-8.325457611863e+00,4.943662852493e+00,7.627065190693e-02
-8.299288980443e+00,6.105020549629e+00,4.032561381620e-02
-8.289790929418e+00,2.075596850049e+00,2.878318243981e-02
-8.286391298843e+00,2.963829735660e+00,3.460075496576e-02
-8.267346308262e+00,1.250000040003e-01,2.472279721168e-02
-8.262359917819e+00,3.750000120003e-01,2.473326872888e-02
-8.252367228041e+00,6.250000200002e-01,2.478277417918e-02
-8.245370514660e+00,5.465741965119e+00,8.999608404037e-02
-8.237368238927e+00,8.750000280002e-01,2.484182621888e-02
-8.203430785924e+00,1.211056573015e+00,2.487176459403e-02
-8.188568192125e+00,2.499299260218e+00,2.900240543922e-02
-8.185836348916e+00,4.352350030072e+00,5.231327667542e-02
-8.181988573096e+00,3.864662862261e+00,4.257463483565e-02
-8.147694598028e+00,4.851852716129e+00,6.360207751782e-02
-8.142113202466e+00,3.385742475183e+00,3.492548776143e-02
-8.141712058789e+00,1.631816932688e+00,2.497875411477e-02
-8.133000684538e+00,5.993928607062e+00,9.000000000000e-02
-8.073079010671e+00,5.364131606334e+00,7.628221583948e-02
-8.069013901979e+00,2.917856277612e+00,2.927060528366e-02
-8.062384115594e+00,2.049442638444e+00,2.512611591156e-02
-8.031175131006e+00,1.250000040003e-01,2.233784352655e-02
-8.026510443173e+00,3.750000120003e-01,2.234733209003e-02
-8.017162443058e+00,6.250000200002e-01,2.239796376210e-02
-8.003131130661e+00,8.750000280002e-01,2.246346209463e-02
-7.991657530117e+00,4.279519618874e+00,4.291841892320e-02
-7.987461210552e+00,6.526204423590e+00,4.031944406718e-02
-7.979015958665e+00,3.800331684900e+00,3.529920337222e-02
-7.970491389988e+00,1.205750374583e+00,2.246920817194e-02
-7.966712388634e+00,5.882836664494e+00,9.000000000000e-02
-7.966635352796e+00,4.765543405307e+00,5.248249626892e-02
-7.965620585179e+00,2.463079504399e+00,2.531582500748e-02
-7.931400506893e+00,3.330380913769e+00,2.958955685267e-02
-7.910970914681e+00,1.615985609801e+00,2.254844281574e-02
-7.900787506682e+00,5.262521247550e+00,6.361545669661e-02
-7.851636505115e+00,2.871882819564e+00,2.555018838338e-02
-7.834977301770e+00,2.023288426840e+00,2.266584981816e-02
-7.827689593787e+00,6.405978012999e+00,9.000000000000e-02
-7.800424092729e+00,5.771744721927e+00,7.629146957516e-02
-7.797478711318e+00,4.206689207676e+00,3.572209459450e-02
-7.795003953752e+00,1.250000040003e-01,2.078182170991e-02
-7.790660968527e+00,3.750000120003e-01,2.078967088370e-02
-7.782279876168e+00,4.684734920027e+00,4.329659209744e-02
-7.781957658075e+00,6.250000200002e-01,2.083277573456e-02
-7.776043344235e+00,3.736000507539e+00,2.996105222994e-02
-7.768894022396e+00,8.750000280002e-01,2.089059931129e-02
-7.742672978234e+00,2.426859748579e+00,2.281967326476e-02
-7.737551994052e+00,1.200444176151e+00,2.091603643231e-02
-7.727877154189e+00,5.167608138278e+00,5.266218758132e-02
-7.720687811319e+00,3.275019352356e+00,2.583181692003e-02
-7.680229770573e+00,1.600154286915e+00,2.097927522936e-02
-7.667917977022e+00,6.285751602408e+00,9.000000000000e-02
-7.655229960831e+00,6.931488107621e+00,4.031533036777e-02
-7.634259108252e+00,2.825909361516e+00,2.301139533980e-02
-7.634135796825e+00,5.660652779361e+00,6.362616394886e-02
-7.607570487946e+00,1.997134215235e+00,2.106746378003e-02
-7.603299892519e+00,4.133858796477e+00,3.038679384469e-02
-7.597924399539e+00,4.603926434746e+00,3.619396173064e-02
-7.573070729804e+00,3.671669330177e+00,2.616356977291e-02
-7.558832776497e+00,1.250000040003e-01,1.977685712253e-02
-7.554811493883e+00,3.750000120003e-01,1.978426147422e-02
-7.554347953191e+00,5.079392278518e+00,4.370744726820e-02
-7.546752873095e+00,6.250000200002e-01,1.981662178242e-02
-7.534656914131e+00,8.750000280002e-01,1.986273111001e-02
-7.519725371288e+00,2.390639992760e+00,2.118187917247e-02
-7.509975115746e+00,3.219657790943e+00,2.324405258510e-02
-7.508146360257e+00,6.165525191818e+00,7.629841138885e-02
-7.504612598116e+00,1.195137977718e+00,1.989179278169e-02
-7.502468758303e+00,6.802501793730e+00,9.000000000000e-02
-7.470127155424e+00,5.557604632965e+00,5.285110376081e-02
-7.449488626465e+00,1.584322964028e+00,1.994017659444e-02
-7.416881711388e+00,2.779935903469e+00,2.132410542135e-02
-7.413568922911e+00,4.523117949465e+00,3.086824831262e-02
-7.409121073720e+00,4.061028385279e+00,2.654846201231e-02
-7.380818752194e+00,4.991176418758e+00,3.671407516233e-02
-7.380163674122e+00,1.970980003630e+00,2.000786157917e-02
-7.370098115374e+00,3.607338152816e+00,2.352111681971e-02
-7.349707555775e+00,6.673515479838e+00,9.000000000000e-02
-7.348374743492e+00,6.045298781227e+00,6.363419666977e-02
-7.322661599243e+00,1.250000040003e-01,1.913203704001e-02
-7.318962019239e+00,3.750000120003e-01,1.913940785871e-02
-7.311548088114e+00,6.250000200002e-01,1.916160751349e-02
-7.308398168528e+00,5.462600282741e+00,4.414877565926e-02
-7.303404693286e+00,7.319884145289e+00,4.031327336072e-02
-7.300419805866e+00,8.750000280002e-01,1.919634402893e-02
-7.299262420173e+00,3.164296229529e+00,2.149597952922e-02
-7.296777764343e+00,2.354420236940e+00,2.009617518129e-02
-7.271673202180e+00,1.189831779286e+00,1.922243526985e-02
-7.229213446282e+00,4.442309464184e+00,2.698952367310e-02
-7.218747482358e+00,1.568491641141e+00,1.925837857936e-02
-7.214942254922e+00,3.988197974081e+00,2.384643958396e-02
-7.207289551197e+00,4.902960558999e+00,3.140645365080e-02
-7.199504314524e+00,2.733962445421e+00,2.020679451900e-02
-7.196946353248e+00,6.544529165948e+00,7.630303998594e-02
-7.193995863911e+00,5.934621954889e+00,5.304782329098e-02
-7.167125500944e+00,3.543006975455e+00,2.171052677287e-02
-7.158126452295e+00,7.182538834908e+00,9.000000000000e-02
-7.152756860298e+00,1.944825792025e+00,1.930885872810e-02
-7.146669181632e+00,5.367595932517e+00,3.728101130608e-02
-7.088549724599e+00,3.108934668116e+00,2.034172339950e-02
-7.086490421989e+00,1.250000040003e-01,1.872003696725e-02
-7.083112544596e+00,3.750000120003e-01,1.872624207271e-02
-7.076343303133e+00,6.250000200002e-01,1.874135399387e-02
-7.073830157398e+00,2.318200481121e+00,1.937511851317e-02
-7.066182697601e+00,8.750000280002e-01,1.876660677156e-02
-7.045009721513e+00,5.833494712804e+00,4.461779492958e-02
-7.044857969654e+00,4.361500978904e+00,2.422414758239e-02
-7.044185150721e+00,6.415542852057e+00,6.363955290511e-02
-7.038733806244e+00,1.184525580854e+00,1.878770724336e-02
-7.033760350200e+00,4.814744699239e+00,2.748959577764e-02
-7.020763436123e+00,3.915367562882e+00,2.197330051124e-02
-7.012848211305e+00,7.045193524527e+00,9.000000000000e-02
-6.988006338250e+00,1.552660318254e+00,1.881384240595e-02
-6.984940194736e+00,5.272591582293e+00,3.200177232597e-02
-6.982126917661e+00,2.687988987373e+00,1.945875320200e-02
-6.979488340875e+00,7.647683901698e+00,4.060656992661e-02
-6.964152886513e+00,3.478675798094e+00,2.050324486103e-02
-6.925350046474e+00,1.918671580420e+00,1.885070734851e-02
-6.900137442304e+00,6.297779994355e+00,5.325074744784e-02
-6.896023579115e+00,5.732367470718e+00,3.789246194125e-02
-6.877837029026e+00,3.053573106703e+00,1.956171277695e-02
-6.867569970315e+00,6.907848214146e+00,7.630535450077e-02
-6.860502493025e+00,4.280692493623e+00,2.228233685810e-02
-6.860231149203e+00,4.726528839479e+00,2.465846859999e-02
-6.850882550452e+00,2.281980725301e+00,1.889939101826e-02
-6.850319244734e+00,1.250000040003e-01,1.845750240395e-02
-6.847263069951e+00,3.750000120003e-01,1.846231993900e-02
-6.841138518151e+00,6.250000200002e-01,1.847254554875e-02
-6.840897528343e+00,7.503540774197e+00,9.000000000000e-02
-6.831945589336e+00,8.750000280002e-01,1.849046834887e-02
-6.826584617324e+00,3.842537151684e+00,2.069383483501e-02
-6.823211207839e+00,5.177587232068e+00,2.805104656878e-02
-6.805794410307e+00,1.179219382421e+00,1.850657215091e-02
-6.764803227999e+00,6.191240592842e+00,4.511107376140e-02
-6.764749520797e+00,2.642015529325e+00,1.896131128679e-02
-6.761180272083e+00,3.414344620732e+00,1.968628780608e-02
-6.757265194142e+00,1.536828995367e+00,1.852527138590e-02
-6.747037436717e+00,5.631240228633e+00,3.265358357109e-02
-6.722291729326e+00,6.770502903766e+00,6.364223134904e-02
-6.702306715811e+00,7.359397646696e+00,9.000000000000e-02
-6.697943232650e+00,1.892517368816e+00,1.855176774043e-02
-6.688005391952e+00,7.918114788584e+00,4.060671873394e-02
-6.686701948206e+00,4.638312979719e+00,2.264268035362e-02
-6.676147016397e+00,4.199884008343e+00,2.093335967132e-02
-6.667124333453e+00,2.998211545290e+00,1.903823490329e-02
-6.661482220943e+00,5.082582881844e+00,2.515346191888e-02
-6.632405798525e+00,3.769706740486e+00,1.983506545809e-02
-6.629469013694e+00,6.084701191329e+00,3.854501869392e-02
-6.627934943507e+00,2.245760969482e+00,1.858697262749e-02
-6.614148067478e+00,1.250000040003e-01,1.829049717769e-02
-6.611413595303e+00,3.750000120003e-01,1.829406522674e-02
-6.605933733167e+00,6.250000200002e-01,1.830095149425e-02
-6.598051294319e+00,5.530112986547e+00,2.867539010140e-02
-6.597708481069e+00,8.750000280002e-01,1.831345720671e-02
-6.589248154599e+00,6.646231557249e+00,5.345809893863e-02
-6.572855014370e+00,1.173913183989e+00,1.832530798601e-02
-6.563715903280e+00,7.215254519196e+00,7.629648216816e-02
-6.558207657653e+00,3.350013443371e+00,1.913228870526e-02
-6.555180122705e+00,7.768641077863e+00,9.000000000000e-02
-6.547372123933e+00,2.596042071278e+00,1.863208847963e-02
-6.526524050033e+00,1.520997672480e+00,1.833852069151e-02
-6.513172747208e+00,4.550097119960e+00,2.122275457396e-02
-6.499753234047e+00,4.987578531620e+00,2.305952638544e-02
-6.494134799389e+00,5.978161789816e+00,3.335991086980e-02
-6.491791539769e+00,4.119075523062e+00,2.001083639160e-02
-6.470536418825e+00,1.866363157211e+00,1.835732986463e-02
-6.468439246136e+00,6.535034174594e+00,4.562445568281e-02
-6.456411637879e+00,2.942849983877e+00,1.868863928971e-02
-6.449065151921e+00,5.428985744462e+00,2.571262236388e-02
-6.438226979727e+00,3.696876329288e+00,1.924595060758e-02
-6.425125090749e+00,7.071111391696e+00,6.359600084539e-02
-6.422354853459e+00,7.619167367142e+00,9.000000000000e-02
-6.404987336560e+00,2.209541213663e+00,1.838247316922e-02
-6.386602224162e+00,8.177443350550e+00,4.060701635063e-02
-6.377976890222e+00,1.250000040003e-01,1.818437670395e-02
-6.375564120655e+00,3.750000120003e-01,1.818694004439e-02
-6.370728948182e+00,6.250000200002e-01,1.819155938794e-02
-6.363471372802e+00,8.750000280002e-01,1.820017638777e-02
-6.358800585084e+00,5.871622388303e+00,2.936279044623e-02
-6.355235043223e+00,3.285682266010e+00,1.875849869100e-02
-6.347630337672e+00,6.423836791939e+00,3.923393716344e-02
-6.339915618433e+00,1.168606985556e+00,1.820868413644e-02
-6.339643546211e+00,4.461881260200e+00,2.023010933319e-02
-6.338024247151e+00,4.892574181396e+00,2.156249085753e-02
-6.329994727069e+00,2.550068613230e+00,1.841493588814e-02
-6.307436063140e+00,4.038267037782e+00,1.938200278883e-02
-6.300079009523e+00,5.327858502376e+00,2.353786301742e-02
-6.299787948358e+00,6.939231158767e+00,5.342442458536e-02
-6.295782905924e+00,1.505166349593e+00,1.821792779756e-02
-6.289529584213e+00,7.469693656421e+00,7.629631366266e-02
-6.259746897408e+00,8.022868953989e+00,9.000000000000e-02
-6.245698942305e+00,2.887488422464e+00,1.845598631766e-02
-6.244048160928e+00,3.624045918090e+00,1.884390657639e-02
-6.243129605000e+00,1.840208945606e+00,1.823114848552e-02
-6.226821429208e+00,6.312639409284e+00,3.411698528417e-02
-6.223466370778e+00,5.765082986790e+00,2.633832424573e-02
-6.187704476107e+00,6.819613820410e+00,4.563368962564e-02
-6.182039729614e+00,2.173321457843e+00,1.824892815616e-02
-6.176295260255e+00,4.797569831171e+00,2.050039320006e-02
-6.166114345214e+00,4.373665400441e+00,1.954342139946e-02
-6.156704314967e+00,7.320219945701e+00,6.359580608201e-02
-6.152262428792e+00,3.221351088649e+00,1.850721333974e-02
-6.151092867125e+00,5.226731260291e+00,2.195846165447e-02
-6.141805712965e+00,1.250000040003e-01,1.811699115776e-02
-6.139714646008e+00,3.750000120003e-01,1.811879429078e-02
-6.135524163197e+00,6.250000200003e-01,1.812188282236e-02
-6.132891570655e+00,7.868294557429e+00,9.000000000000e-02
-6.129234264535e+00,8.750000280003e-01,1.812776378560e-02
-6.123080586512e+00,3.957458552501e+00,1.894745939711e-02
-6.112617330205e+00,2.504095155183e+00,1.827205326135e-02
-6.106976222495e+00,1.163300787124e+00,1.813376401836e-02
-6.106012520744e+00,6.201442026629e+00,3.011143977867e-02
-6.088132156473e+00,5.658543585277e+00,2.408192123225e-02
-6.075701449210e+00,8.425305970910e+00,4.060746276709e-02
-6.075621003856e+00,6.699996482052e+00,3.925083766032e-02
-6.065041761815e+00,1.489335026707e+00,1.814017892212e-02
-6.049869342129e+00,3.551215506892e+00,1.857055967389e-02
-6.035613829913e+00,7.179513339602e+00,5.323500544145e-02
-6.034986246731e+00,2.832126861051e+00,1.830155087996e-02
-6.015722791175e+00,1.814054734001e+00,1.814939688027e-02
-6.014566273358e+00,4.702565480947e+00,1.975097177166e-02
-6.006036243902e+00,7.713720160869e+00,7.629597665145e-02
-6.002106724727e+00,5.125604018205e+00,2.082029941610e-02
-5.992585144218e+00,4.285449540681e+00,1.907205088845e-02
-5.985203612281e+00,6.090244643974e+00,2.703107341725e-02
-5.963537531605e+00,6.580379143694e+00,3.413779728863e-02
-5.959092122667e+00,2.137101702024e+00,1.816186784641e-02
-5.955011323379e+00,8.265868600771e+00,9.000000000000e-02
-5.952797942168e+00,5.552004183764e+00,2.241620765632e-02
-5.949289814362e+00,3.157019911288e+00,1.833873009341e-02
-5.938725109884e+00,3.876650067221e+00,1.864833907159e-02
-5.926258129050e+00,7.047573838125e+00,4.516046309506e-02
-5.905634535709e+00,1.250000040003e-01,1.807422080591e-02
-5.903865171360e+00,3.750000120003e-01,1.807546991306e-02
-5.900319378213e+00,6.250000200003e-01,1.807783834928e-02
-5.895239933340e+00,2.458121697135e+00,1.817820672758e-02
-5.894997156267e+00,8.750000280003e-01,1.808151286138e-02
-5.879180917150e+00,7.559145764310e+00,6.359541655707e-02
-5.874036826558e+00,1.157994588692e+00,1.808568882554e-02
-5.864394703817e+00,5.979047261319e+00,2.469437817934e-02
-5.855690523329e+00,3.478385095694e+00,1.838522435130e-02
-5.853120582329e+00,5.024476776120e+00,2.000468602195e-02
-5.852837286462e+00,4.607561130723e+00,1.922421180618e-02
-5.851454059354e+00,6.460761805337e+00,3.013334777062e-02
-5.834321197549e+00,8.106431230633e+00,9.000000000000e-02
-5.834300617706e+00,1.473503703820e+00,1.809011096393e-02
-5.824273551157e+00,2.776765299638e+00,1.819922759548e-02
-5.819055943221e+00,4.197233680922e+00,1.874321767864e-02
-5.817463727863e+00,5.445464782251e+00,2.119610918166e-02
-5.816902428187e+00,6.915634336648e+00,3.861420621197e-02
-5.788315977349e+00,1.787900522397e+00,1.809649515994e-02
-5.762664299597e+00,7.409979428399e+00,5.304945667326e-02
-5.755738996406e+00,8.661355109621e+00,4.060805798735e-02
-5.754369633255e+00,3.795841581941e+00,1.844302615839e-02
-5.746317199931e+00,3.092688733927e+00,1.822598488861e-02
-5.743585795353e+00,5.867849878664e+00,2.294014375415e-02
-5.739370587104e+00,6.341144466979e+00,2.705220405579e-02
-5.736144515721e+00,2.100881946205e+00,1.810518368297e-02
-5.713631071719e+00,7.946993860495e+00,7.629547114263e-02
-5.707546727324e+00,6.783694835170e+00,3.343695317793e-02
-5.704134439932e+00,4.923349534035e+00,1.942255579633e-02
-5.691108299567e+00,4.512556780500e+00,1.885812833403e-02
-5.682129513558e+00,5.338925380738e+00,2.030751358711e-02
-5.677862536475e+00,2.412148239087e+00,1.811664934777e-02
-5.669463358452e+00,1.250000040003e-01,1.804708158760e-02
-5.668015696712e+00,3.750000120003e-01,1.804793696786e-02
-5.665114593228e+00,6.250000200003e-01,1.804969430629e-02
-5.661511704530e+00,3.405554684496e+00,1.825981920120e-02
-5.660760048000e+00,8.750000280003e-01,1.805204811592e-02
-5.656486391243e+00,7.266221153138e+00,4.470122320357e-02
-5.645526742223e+00,4.109017821163e+00,1.851449817448e-02
-5.641399891007e+00,8.497299930653e+00,9.000000000000e-02
-5.641097430620e+00,1.152688390260e+00,1.805486570114e-02
-5.627287114853e+00,6.221527128621e+00,2.471364307653e-02
-5.622776886889e+00,5.756652496010e+00,2.163343182660e-02
-5.613560855583e+00,2.721403738225e+00,1.813152630671e-02
-5.603559473597e+00,1.457672380933e+00,1.805789699914e-02
-5.598191026461e+00,6.651755333693e+00,2.943924053128e-02
-5.592940945889e+00,7.787556490358e+00,6.359483227991e-02
-5.570014156626e+00,3.715033096660e+00,1.830240172749e-02
-5.560909163524e+00,1.761746310792e+00,1.806229365428e-02
-5.555148297534e+00,4.822222291950e+00,1.900826080545e-02
-5.550308482890e+00,7.122462877876e+00,3.800345627397e-02
-5.546795299253e+00,5.232385979225e+00,1.966304503003e-02
-5.543344585500e+00,3.028357556566e+00,1.815064856801e-02
-5.529379312670e+00,4.417552430276e+00,1.860233377269e-02
-5.527060785607e+00,8.333244751684e+00,9.000000000000e-02
-5.515203642602e+00,6.101909790263e+00,2.295703286403e-02
-5.513196908774e+00,2.064662190385e+00,1.806831254196e-02
-5.501967978426e+00,5.645455113355e+00,2.066572930380e-02
-5.488835325598e+00,6.519815832215e+00,2.640900374985e-02
-5.481311298658e+00,7.630309186677e+00,5.286862886674e-02
-5.471997541226e+00,4.020801961403e+00,1.835576522965e-02
-5.467332885731e+00,3.332724273298e+00,1.817509525954e-02
-5.460485139611e+00,2.366174781040e+00,1.807631223689e-02
-5.444130574536e+00,6.978704602614e+00,3.277344046944e-02
-5.433292181196e+00,1.250000040003e-01,1.802986390455e-02
-5.432166222064e+00,3.750000120003e-01,1.803044443893e-02
-5.429909808243e+00,6.250000200003e-01,1.803171020370e-02
-5.427163500567e+00,8.885259791193e+00,4.060880199405e-02
-5.426522939733e+00,8.750000280003e-01,1.803342081487e-02
-5.412721680209e+00,8.169189572716e+00,7.629479713899e-02
-5.411461084949e+00,5.125846577713e+00,1.919704670414e-02
-5.408158034682e+00,1.147382191827e+00,1.803525710164e-02
-5.406162155137e+00,4.721095049865e+00,1.871401423241e-02
-5.403120170351e+00,5.982292451906e+00,2.164782080943e-02
-5.402848160009e+00,2.666042176812e+00,1.808677972286e-02
-5.385658679997e+00,3.634224611380e+00,1.820623897965e-02
-5.381159069963e+00,5.534257730701e+00,1.995217231613e-02
-5.379479624735e+00,6.387876330738e+00,2.414421184832e-02
-5.378742130025e+00,7.475251949452e+00,4.425804423394e-02
-5.372818329488e+00,1.441841058046e+00,1.803735380032e-02
-5.367650325774e+00,4.322548080052e+00,1.842229930903e-02
-5.340371971069e+00,2.964026379205e+00,1.810036485028e-02
-5.337952666182e+00,6.834946327352e+00,2.879145297312e-02
-5.333502349699e+00,1.735592099187e+00,1.804037619743e-02
-5.319351512579e+00,8.716839046817e+00,9.000000000000e-02
-5.298468340229e+00,3.932586101644e+00,1.824578849855e-02
-5.298382574810e+00,8.005134393748e+00,6.359405325803e-02
-5.291036698100e+00,5.862675113548e+00,2.067772666510e-02
-5.290249301828e+00,2.028442434566e+00,1.804449848628e-02
-5.276172961392e+00,7.320194712227e+00,3.742100274777e-02
-5.276126870644e+00,5.019307176200e+00,1.886083289172e-02
-5.273154066931e+00,3.259893862100e+00,1.811792258406e-02
-5.270123923872e+00,6.255936829260e+00,2.246925831205e-02
-5.260350161500e+00,5.423060348046e+00,1.942768873618e-02
-5.257176012739e+00,4.619967807780e+00,1.850533367907e-02
-5.243107742746e+00,2.320201322992e+00,1.804996223945e-02
-5.231774757829e+00,6.691188052090e+00,2.581762288049e-02
-5.211539524591e+00,8.548418302442e+00,9.000000000000e-02
-5.205921338878e+00,4.227543729828e+00,1.829580825762e-02
-5.201303203369e+00,3.553416126100e+00,1.814056116166e-02
-5.197121003940e+00,1.250000040003e-01,1.801894188009e-02
-5.196316747417e+00,3.750000120003e-01,1.801933308407e-02
-5.194705023259e+00,6.250000200003e-01,1.802022590236e-02
-5.192285831467e+00,8.750000280003e-01,1.802144228199e-02
-5.192135464435e+00,2.610680615399e+00,1.805722905530e-02
-5.191938444906e+00,7.840196460678e+00,5.269331539297e-02
-5.178953225850e+00,5.743057775191e+00,1.996200999160e-02
-5.175218638746e+00,1.142075993395e+00,1.802273509832e-02
-5.173603792759e+00,7.165137475002e+00,3.214912560652e-02
-5.160768223009e+00,6.123997327783e+00,2.124015843734e-02
-5.142077185379e+00,1.426009735159e+00,1.802417319571e-02
-5.140792656339e+00,4.912767774688e+00,1.861864083775e-02
-5.139541253036e+00,5.311862965392e+00,1.904308126383e-02
-5.137399356638e+00,2.899695201844e+00,1.806683157692e-02
-5.125596849475e+00,6.547429776828e+00,2.362855903994e-02
-5.124939139232e+00,3.844370241885e+00,1.816969029238e-02
-5.108189870341e+00,4.518840565695e+00,1.835868307528e-02
-5.106095535874e+00,1.709437887582e+00,1.802625643756e-02
-5.103727536603e+00,8.379997558067e+00,7.629395465472e-02
-5.093389290498e+00,7.674375773504e+00,4.383271307722e-02
-5.090435673036e+00,9.096706068748e+00,4.060969478445e-02
-5.078975248132e+00,3.187063450902e+00,1.807937682526e-02
-5.071034624127e+00,7.010080237777e+00,2.819066942277e-02
-5.067301694882e+00,1.992222678747e+00,1.802911546503e-02
-5.066869753600e+00,5.623440436834e+00,1.943564981221e-02
-5.051412522146e+00,5.992057826305e+00,2.034338840494e-02
-5.044192351982e+00,4.132539379605e+00,1.820705611360e-02
-5.025730345882e+00,2.274227864945e+00,1.803293339938e-02
-5.019418941121e+00,6.403671501566e+00,2.203424760942e-02
-5.018732344573e+00,5.200665582738e+00,1.876153018002e-02
-5.016947726740e+00,3.472607640820e+00,1.809574695343e-02
-5.005458442034e+00,4.806228373175e+00,1.844437624154e-02
-4.995915548616e+00,8.211576813692e+00,6.359307950944e-02
-4.994840136089e+00,7.508555086331e+00,3.686867066518e-02
-4.989316908580e+00,8.924178696110e+00,9.000000000000e-02
-4.981422768861e+00,2.555319053986e+00,1.803795946975e-02
-4.968465455494e+00,6.855023000552e+00,2.527728724289e-02
-4.960949826684e+00,1.250000040003e-01,1.802522859267e-02
-4.960467272770e+00,3.750000120003e-01,1.802618589993e-02
-4.959500238276e+00,6.250000200003e-01,1.802655509696e-02
-4.959203727943e+00,4.417713323610e+00,1.825473705629e-02
-4.958048723200e+00,8.750000280003e-01,1.802662950441e-02
-4.954786281350e+00,5.503823098477e+00,1.904945572250e-02
-4.951409938234e+00,3.756154382126e+00,1.811708705942e-02
-4.942279242809e+00,1.136769794963e+00,1.802745109764e-02
-4.942056821283e+00,5.860118324829e+00,1.969182568061e-02
-4.934426742208e+00,2.835364024483e+00,1.804452611211e-02
-4.913241032768e+00,6.259913226304e+00,2.088208933329e-02
-4.911336041271e+00,1.410178412273e+00,1.802913546970e-02
-4.897923436110e+00,5.089468200084e+00,1.855568050536e-02
-4.896290981680e+00,7.342734399157e+00,3.156502812847e-02
-4.894940499695e+00,8.039349606987e+00,5.252425316783e-02
-4.888198144124e+00,8.751651323472e+00,9.000000000000e-02
-4.884796429333e+00,3.114233039704e+00,1.805340791651e-02
-4.882463365085e+00,4.037535029381e+00,1.814484871306e-02
-4.878688722050e+00,1.683283675978e+00,1.803102196865e-02
-4.870124227729e+00,4.699688971663e+00,1.831909039629e-02
-4.865896286861e+00,6.699965763327e+00,2.316449298718e-02
-4.844354087936e+00,1.956002922927e+00,1.803313521974e-02
-4.842702809100e+00,5.384205760120e+00,1.876659014729e-02
-4.832701120421e+00,5.728178823352e+00,1.921986162789e-02
-4.832592250112e+00,3.391799155539e+00,1.806519172767e-02
-4.810217585545e+00,4.316586081525e+00,1.818080732465e-02
-4.808352949018e+00,2.228254406897e+00,1.803550332942e-02
-4.807063124414e+00,6.116154951042e+00,2.005413132633e-02
-4.800802389842e+00,7.863315937951e+00,4.342675462015e-02
-4.797741827271e+00,7.176913711983e+00,2.763659876158e-02
-4.787079379669e+00,8.579123950835e+00,7.629294369859e-02
-4.777880737237e+00,3.667938522366e+00,1.808075359959e-02
-4.777114527647e+00,4.978270817430e+00,1.840531662941e-02
-4.770710073287e+00,2.499957492573e+00,1.803815838677e-02
-4.763327118228e+00,6.544908526102e+00,2.164864095647e-02
-4.746027656514e+00,9.295397463602e+00,4.061073635169e-02
-4.734790013425e+00,4.593149570150e+00,1.822907051709e-02
-4.731454127777e+00,2.771032847122e+00,1.804113703718e-02
-4.730619336850e+00,5.264588421763e+00,1.855966824467e-02
-4.724778649428e+00,1.250000040003e-01,1.803967890126e-02
-4.724617798124e+00,3.750000120003e-01,1.804123313766e-02
-4.724295453292e+00,6.250000200003e-01,1.804178776933e-02
-4.723811614934e+00,8.750000280003e-01,1.804182675862e-02
-4.723345419559e+00,5.596239321875e+00,1.887874486364e-02
-4.720734378189e+00,3.942530679157e+00,1.810128294046e-02
-4.709339846871e+00,1.131463596530e+00,1.804300984319e-02
-4.706664279988e+00,7.687282268916e+00,3.634777995725e-02
-4.700885216061e+00,5.972396675781e+00,1.946155128283e-02
-4.699192672863e+00,7.011093024809e+00,2.478626995223e-02
-4.690617610534e+00,3.041402628506e+00,1.804448113774e-02
-4.685960615215e+00,8.406596578199e+00,6.359191104832e-02
-4.680594897162e+00,1.394347089386e+00,1.804545952495e-02
-4.661231443148e+00,4.215458839439e+00,1.812827150968e-02
-4.660757949596e+00,6.389851288877e+00,2.056942889043e-02
-4.656305619184e+00,4.867073434775e+00,1.829555643862e-02
-4.651757976704e+00,9.119028699154e+00,9.000000000000e-02
-4.651281908224e+00,1.657129464373e+00,1.804810078713e-02
-4.648236773483e+00,3.310990670259e+00,1.804823850481e-02
-4.621406480990e+00,1.919783167108e+00,1.805095012683e-02
-4.618535864599e+00,5.144971083407e+00,1.840844039103e-02
-4.613989718696e+00,5.464299820398e+00,1.863259250970e-02
-4.612526170135e+00,7.511248599880e+00,3.102148945936e-02
-4.604351536240e+00,3.579722662607e+00,1.805567369892e-02
-4.600643518454e+00,6.845272337635e+00,2.274901729566e-02
-4.599455799120e+00,4.486610168638e+00,1.816441725288e-02
-4.594707307708e+00,5.828638400520e+00,1.903866207683e-02
-4.590975552154e+00,2.182280948849e+00,1.805402548370e-02
-4.590722821692e+00,8.227491896103e+00,5.236212364301e-02
-4.559997377713e+00,2.444595931159e+00,1.805734636050e-02
-4.559005391293e+00,3.847526328933e+00,1.807079270151e-02
-4.558188780963e+00,6.234794051652e+00,1.980529712563e-02
-4.557488296894e+00,8.942659934705e+00,9.000000000000e-02
-4.535496710721e+00,4.755876052121e+00,1.821547478772e-02
-4.528481513346e+00,2.706701669761e+00,1.806093395166e-02
-4.518388060282e+00,7.335214930844e+00,2.712822996448e-02
-4.512245300750e+00,4.114331597354e+00,1.809096436823e-02
-4.506452392349e+00,5.025353745050e+00,1.829799083880e-02
-4.504634017834e+00,5.332360318922e+00,1.845517176123e-02
-4.502094364045e+00,6.679451650462e+00,2.130849800889e-02
-4.501365999101e+00,8.041809904549e+00,4.304145723106e-02
-4.496438791735e+00,2.968572217308e+00,1.806481128003e-02
-4.491525734280e+00,1.250000040003e-01,1.806203898309e-02
-4.491525734280e+00,3.750000120003e-01,1.806457543580e-02
-4.491525734280e+00,6.250000200003e-01,1.806544644648e-02
-4.491525734280e+00,8.750000280003e-01,1.806544644648e-02
-4.488529399355e+00,5.684880125258e+00,1.873749553908e-02
-4.478048395180e+00,1.128810497314e+00,1.806716856032e-02
-4.464121584815e+00,4.380070767125e+00,1.811799673986e-02
-4.463881296854e+00,3.230182184979e+00,1.806900334173e-02
-4.463218617084e+00,8.766291170258e+00,7.629176428337e-02
-4.455619612331e+00,6.079736814428e+00,1.926636245588e-02
-4.451093716979e+00,1.386431427942e+00,1.807074985663e-02
-4.430822335243e+00,3.491506802848e+00,1.807353725920e-02
-4.424249950428e+00,7.159181261808e+00,2.434221446409e-02
-4.424139038779e+00,1.644052358570e+00,1.807452200179e-02
-4.414687802258e+00,4.644678669467e+00,1.815706769080e-02
-4.412009176510e+00,7.856127912994e+00,3.585922515731e-02
-4.403545209637e+00,6.513630963288e+00,2.029766292715e-02
-4.397276404397e+00,3.752521978709e+00,1.807844244207e-02
-4.397184360579e+00,1.901673289198e+00,1.807849515540e-02
-4.395278316971e+00,5.200420817445e+00,1.832739736329e-02
-4.394422362359e+00,9.481055381516e+00,4.061192667994e-02
-4.394368920099e+00,4.905736406693e+00,1.821736356252e-02
-4.382351491002e+00,5.541121849997e+00,1.852352170503e-02
-4.370229682378e+00,2.159294219826e+00,1.808268001670e-02
-4.368948937275e+00,8.589922405811e+00,6.359054789551e-02
-4.363259158353e+00,4.013204355269e+00,1.808375075557e-02
-4.353050443699e+00,5.924679577204e+00,1.889023416382e-02
-4.343275004178e+00,2.416915150453e+00,1.808708785312e-02
-4.330111840575e+00,6.983147592772e+00,2.237868906170e-02
-4.328787370510e+00,4.273531365612e+00,1.808949669580e-02
-4.322652353920e+00,7.670445921440e+00,3.051832264070e-02
-4.316320325978e+00,2.674536081081e+00,1.809173053031e-02
-4.307147145005e+00,9.301116356748e+00,9.000000000000e-02
-4.304996055228e+00,6.347810276114e+00,1.959549205364e-02
-4.293878893794e+00,4.533481286813e+00,1.811447993600e-02
-4.289365647777e+00,2.932157011709e+00,1.809662054371e-02
-4.285922616109e+00,5.068481315968e+00,1.823543224390e-02
-4.282285447849e+00,4.786119068336e+00,1.815852749054e-02
-4.279700800055e+00,8.404361899517e+00,5.220755402800e-02
-4.276173582649e+00,5.397363574736e+00,1.837238686436e-02
-4.262410969577e+00,3.189777942339e+00,1.810177105186e-02
-4.261191081241e+00,1.250000040003e-01,1.809642347079e-02
-4.261191081241e+00,3.750000120003e-01,1.810058050867e-02
-4.261191081241e+00,6.250000200003e-01,1.810201053054e-02
-4.261191081241e+00,8.750000280003e-01,1.810201053054e-02
-4.250481275066e+00,5.769622339980e+00,1.862553292144e-02
-4.248404887735e+00,1.128810497314e+00,1.810455474962e-02
-4.235973730721e+00,6.807113923736e+00,2.100965698015e-02
-4.235456291376e+00,3.447398872968e+00,1.810719591131e-02
-4.233295531329e+00,7.484763929885e+00,2.666404606346e-02
-4.222832500725e+00,1.386431427942e+00,1.810983498808e-02
-4.219871927650e+00,9.121177331980e+00,9.000000000000e-02
-4.208501613175e+00,3.705019803597e+00,1.811290971353e-02
-4.206446900820e+00,6.181989588941e+00,1.910911120845e-02
-4.197260113714e+00,1.644052358570e+00,1.811538167605e-02
-4.195474205426e+00,8.209609651377e+00,4.267789783247e-02
-4.181546934975e+00,3.962640734227e+00,1.811892782355e-02
-4.176566915247e+00,4.936541814492e+00,1.816926926411e-02
-4.171687726703e+00,1.901673289198e+00,1.812120823687e-02
-4.170201975599e+00,4.666501729979e+00,1.812142651521e-02
-4.169995674296e+00,5.253605299475e+00,1.826473047909e-02
-4.154592256774e+00,4.220261664856e+00,1.812526642077e-02
-4.147912106434e+00,5.614565102756e+00,1.843912406261e-02
-4.146115339693e+00,2.159294219826e+00,1.812732876784e-02
-4.143938708738e+00,7.299081938330e+00,2.394238935042e-02
-4.141835620868e+00,6.631080254701e+00,2.006760199654e-02
-4.132596710296e+00,8.941238307212e+00,7.629041642612e-02
-4.127637578574e+00,4.477882595485e+00,1.813194254179e-02
-4.120542952682e+00,2.416915150453e+00,1.813375807381e-02
-4.111247610797e+00,8.014857403237e+00,3.540354887006e-02
-4.107897746412e+00,6.016168901769e+00,1.876975404786e-02
-4.094970565671e+00,2.674536081081e+00,1.814051170245e-02
-4.069398178661e+00,2.932157011709e+00,1.814760598119e-02
-4.067211214384e+00,4.804602313015e+00,1.814805590251e-02
-4.063817765943e+00,5.109847024214e+00,1.818811234120e-02
-4.054581886147e+00,7.113399946776e+00,2.204988390531e-02
-4.047697511015e+00,6.455046585665e+00,1.942151515095e-02
-4.045342937802e+00,5.459507865532e+00,1.830804300659e-02
-4.045321492942e+00,8.761299282445e+00,6.358899007535e-02
-4.043825791650e+00,3.189777942339e+00,1.815505805607e-02
-4.036112793888e+00,9.653419503075e+00,4.061326575672e-02
-4.030856428201e+00,1.250000040003e-01,1.814979677920e-02
-4.030856428201e+00,3.750000120003e-01,1.815662604299e-02
-4.030856428201e+00,6.250000200002e-01,1.815897993276e-02
-4.030856428201e+00,8.750000280002e-01,1.815897993276e-02
-4.027021016168e+00,7.820105155098e+00,3.005494235539e-02
-4.018761380291e+00,1.128810497314e+00,1.816272665936e-02
-4.018253404639e+00,3.447398872968e+00,1.816288593238e-02
-4.009348592003e+00,5.850348214596e+00,1.853358517263e-02
-3.994571284470e+00,1.386431427942e+00,1.817048677771e-02
-3.992681017628e+00,3.705019803597e+00,1.817110851735e-02
-3.970381188649e+00,1.644052358570e+00,1.817861650150e-02
-3.967108630618e+00,3.962640734227e+00,1.817974566492e-02
-3.965225063556e+00,6.927717955221e+00,2.075008703376e-02
-3.962299277868e+00,8.569713852330e+00,5.206111864894e-02
-3.957855513522e+00,4.672662811538e+00,1.818280783526e-02
-3.957639857590e+00,4.966088748953e+00,1.818302838519e-02
-3.955966711459e+00,9.470186831080e+00,9.000000000000e-02
-3.953559401162e+00,6.279012916630e+00,1.897522372247e-02
-3.946191092828e+00,1.901673289198e+00,1.818713338972e-02
-3.942794421539e+00,7.625352906957e+00,2.624219895549e-02
-3.942773769170e+00,5.304450628308e+00,1.821596978551e-02
-3.941536243607e+00,4.220261664856e+00,1.818881822261e-02
-3.922000997007e+00,2.159294219826e+00,1.819605583120e-02
-3.915963856596e+00,4.477882595485e+00,1.819834808083e-02
-3.910799437595e+00,5.684527527423e+00,1.836953829468e-02
-3.897810901186e+00,2.416915150453e+00,1.820540308333e-02
-3.883530065076e+00,8.366482016866e+00,4.233696607300e-02
-3.875868240966e+00,6.742035963666e+00,1.987226799510e-02
-3.875820629029e+00,9.286954159085e+00,9.000000000000e-02
-3.873620805365e+00,2.674536081081e+00,1.821519531266e-02
-3.859421291309e+00,6.102979247596e+00,1.866799316252e-02
-3.858567826910e+00,7.430600658817e+00,2.358388327096e-02
-3.851461949237e+00,4.822330473692e+00,1.822413975780e-02
-3.849430709544e+00,2.932157011709e+00,1.822545363731e-02
-3.840204600538e+00,5.149393391084e+00,1.822896912258e-02
-3.825240613723e+00,3.189777942339e+00,1.823620017126e-02
-3.812250283187e+00,5.518706840250e+00,1.825574826273e-02
-3.804760852283e+00,8.163250181403e+00,3.498100830695e-02
-3.801050517902e+00,3.447398872968e+00,1.824745807075e-02
-3.800521775162e+00,8.750000280002e-01,1.824771003513e-02
-3.800521775162e+00,1.250000040003e-01,1.823257715005e-02
-3.800521775162e+00,3.750000120003e-01,1.824382468149e-02
-3.800521775162e+00,6.250000200002e-01,1.824771003513e-02
-3.795674546600e+00,9.103721487091e+00,7.628890014637e-02
-3.789117872846e+00,1.128810497314e+00,1.825320715816e-02
-3.786511418375e+00,6.556353972112e+00,1.927096502085e-02
-3.776860422081e+00,3.705019803597e+00,1.825925158266e-02
-3.774341232281e+00,7.235848410677e+00,2.175898433168e-02
-3.766310068215e+00,1.386431427942e+00,1.826456940548e-02
-3.765283181456e+00,5.926945578561e+00,1.845701576568e-02
-3.752670326260e+00,3.962640734227e+00,1.827160609520e-02
-3.745284040884e+00,4.678572198431e+00,1.827527426759e-02
-3.743502263584e+00,1.644052358570e+00,1.827644053411e-02
-3.737635431905e+00,4.994336153860e+00,1.827957757231e-02
-3.728480230439e+00,4.220261664856e+00,1.828454819076e-02
-3.725991639490e+00,7.960018345939e+00,2.963047571411e-02
-3.720694458953e+00,1.901673289198e+00,1.828884324537e-02
-3.715528464171e+00,8.920488815098e+00,6.358723761710e-02
-3.713701128779e+00,5.352886153077e+00,1.829187405693e-02
-3.704290134618e+00,4.477882595485e+00,1.829810570120e-02
-3.697886654322e+00,2.159294219826e+00,1.830180124506e-02
-3.697154595784e+00,6.370671980558e+00,1.886097323526e-02
-3.690114637652e+00,7.041096162537e+00,2.052994335432e-02
-3.675078849691e+00,2.416915150453e+00,1.831533928712e-02
-3.671601352654e+00,9.812248149731e+00,4.061475355934e-02
-3.671145071603e+00,5.750911909526e+00,1.831773300559e-02
-3.652271045059e+00,2.674536081081e+00,1.832948321913e-02
-3.647222426697e+00,7.756786510475e+00,2.586064899572e-02
-3.638951963683e+00,8.723317993643e+00,5.192334041758e-02
-3.635066263273e+00,4.839278916636e+00,1.833957920091e-02
-3.629463240428e+00,2.932157011709e+00,1.834426002981e-02
-3.615151974371e+00,5.187065465905e+00,1.835355263859e-02
-3.607797773194e+00,6.184989989005e+00,1.858234626748e-02
-3.606655435797e+00,3.189777942339e+00,1.835969789829e-02
-3.605888043023e+00,6.846343914397e+00,1.970155110503e-02
-3.598708166681e+00,9.626003503386e+00,9.000000000000e-02
-3.583847631166e+00,3.447398872968e+00,1.837582624565e-02
-3.577006961750e+00,5.574878240491e+00,1.838023296966e-02
-3.570187122122e+00,8.750000280001e-01,1.838582947138e-02
-3.570187122122e+00,1.250000040003e-01,1.836082460575e-02
-3.570187122122e+00,3.750000120003e-01,1.837939753499e-02
-3.570187122122e+00,6.250000200001e-01,1.838582947138e-02
-3.568453213904e+00,7.553554675011e+00,2.326374967254e-02
-3.565945045137e+00,8.512209022728e+00,4.201938727337e-02
-3.561039826534e+00,3.705019803597e+00,1.839267578843e-02
-3.559474365402e+00,1.128810497314e+00,1.839385954381e-02
-3.538232021903e+00,3.962640734227e+00,1.841027859441e-02
-3.538048851960e+00,1.386431427942e+00,1.841042310166e-02
-3.532497094641e+00,4.684221679412e+00,1.841454372567e-02
-3.525814980708e+00,9.439758857042e+00,8.999978966523e-02
-3.521661448394e+00,6.651591666258e+00,1.914116479588e-02
-3.518440950604e+00,5.999307997451e+00,1.842617394648e-02
-3.516623338519e+00,1.644052358570e+00,1.842768115681e-02
-3.516602819963e+00,5.021244778732e+00,1.842758128636e-02
-3.515424217272e+00,4.220261664856e+00,1.842866814065e-02
-3.495197825078e+00,1.901673289198e+00,1.844566265089e-02
-3.492938126590e+00,8.301100051812e+00,3.459163465873e-02
-3.492616412641e+00,4.477882595485e+00,1.844787937388e-02
-3.489684001111e+00,7.350322839548e+00,2.150250752102e-02
-3.482868851897e+00,5.398844571456e+00,1.845505703633e-02
-3.473772311636e+00,2.159294219826e+00,1.846439771635e-02
-3.452921794735e+00,9.253514210698e+00,7.628721546468e-02
-3.452346798195e+00,2.416915150453e+00,1.848391772408e-02
-3.437434853765e+00,6.456839418119e+00,1.876377763790e-02
-3.430921284754e+00,2.674536081081e+00,1.850425533295e-02
-3.429084128014e+00,5.813626005897e+00,1.850556025732e-02
-3.419931208044e+00,8.089991080897e+00,2.924385508439e-02
-3.418053665554e+00,4.855424091559e+00,1.851475211334e-02
-3.410914788318e+00,7.147091004084e+00,2.033570947878e-02
-3.409495771312e+00,2.932157011709e+00,1.852544454110e-02
-3.388730742045e+00,5.222810902422e+00,1.854675070780e-02
-3.388070257870e+00,3.189777942339e+00,1.854752073920e-02
-3.380028608762e+00,9.067269564354e+00,6.358529055226e-02
-3.366644744429e+00,3.447398872968e+00,1.857052076564e-02
-3.353208259137e+00,6.262087169980e+00,1.858543033211e-02
-3.346924289497e+00,7.878882109981e+00,2.551727406008e-02
-3.345219230987e+00,3.705019803597e+00,1.859448296382e-02
-3.339852469083e+00,1.250000040003e-01,1.855920957895e-02
-3.339852469083e+00,3.750000120003e-01,1.858996072674e-02
-3.339852469083e+00,6.250000200001e-01,1.860064046871e-02
-3.339852469083e+00,8.750000280001e-01,1.860064046871e-02
-3.339727305423e+00,5.627944014344e+00,1.859798090413e-02
-3.332145575525e+00,6.943859168620e+00,1.955290017209e-02
-3.329830857957e+00,1.128810497314e+00,1.861230919605e-02
-3.323793717546e+00,3.962640734227e+00,1.861944724142e-02
-3.319504511146e+00,4.689603404386e+00,1.862420753542e-02
-3.310100827272e+00,8.864960886673e+00,5.179469235739e-02
-3.309787635705e+00,1.386431427942e+00,1.863632808749e-02
-3.302368204104e+00,4.220261664856e+00,1.864545513198e-02
-3.301399137650e+00,9.957318621032e+00,4.061639008937e-02
-3.294592632192e+00,5.046777233387e+00,1.865453752012e-02
-3.289744413454e+00,1.644052358570e+00,1.866128481642e-02
-3.280942690663e+00,4.477882595485e+00,1.867254985854e-02
-3.273917370950e+00,7.667773139065e+00,2.297911066000e-02
-3.269701191202e+00,1.901673289198e+00,1.868721565408e-02
-3.268981664508e+00,6.067334921841e+00,1.868752074787e-02
-3.253376362732e+00,6.740627333156e+00,1.902959344721e-02
-3.250370482833e+00,5.442262022791e+00,1.871247563186e-02
-3.249657968951e+00,2.159294219826e+00,1.871415824669e-02
-3.243138450265e+00,8.646588177653e+00,4.172574390621e-02
-3.235871509214e+00,9.768348303709e+00,9.000000000000e-02
-3.229614746699e+00,2.416915150453e+00,1.874215166545e-02
-3.209571524448e+00,2.674536081081e+00,1.877123645800e-02
-3.200910452404e+00,7.456664168149e+00,2.127931951942e-02
-3.200454522339e+00,4.870743564352e+00,1.878152299452e-02
-3.189528302196e+00,2.932157011709e+00,1.880145470167e-02
-3.184755069880e+00,5.872582673702e+00,1.880549564035e-02
-3.176176073259e+00,8.428215468634e+00,3.423528537809e-02
-3.174607149940e+00,6.537395497694e+00,1.882464904707e-02
-3.170343880779e+00,9.579377986385e+00,8.999841622278e-02
-3.169485079944e+00,3.189777942339e+00,1.883285005837e-02
-3.161013660243e+00,5.256580031237e+00,1.884644960851e-02
-3.149441857692e+00,3.447398872968e+00,1.886546783128e-02
-3.129398635441e+00,3.705019803598e+00,1.889935502322e-02
-3.127903533857e+00,7.245555197233e+00,2.016503957032e-02
-3.109517816044e+00,1.250000040003e-01,1.886543701014e-02
-3.109517816044e+00,3.750000120003e-01,1.891648356992e-02
-3.109517816044e+00,6.250000200001e-01,1.893426971000e-02
-3.109517816044e+00,8.750000280001e-01,1.893426971000e-02
-3.109355413189e+00,3.962640734227e+00,1.893456039701e-02
-3.109213696252e+00,8.209842759614e+00,2.889389467877e-02
-3.106316412486e+00,4.694709895317e+00,1.893956143722e-02
-3.104816252344e+00,9.390407669063e+00,7.628536240155e-02
-3.100528475251e+00,5.677830425563e+00,1.894872492796e-02
-3.100187350513e+00,1.128810497314e+00,1.895111696986e-02
-3.095837937147e+00,6.334163662231e+00,1.895770134248e-02
-3.089312190937e+00,4.220261664856e+00,1.897113453747e-02
-3.081526419451e+00,1.386431427942e+00,1.898572204771e-02
-3.071656837653e+00,5.070898039684e+00,1.900246233402e-02
-3.069268968685e+00,4.477882595485e+00,1.900912991550e-02
-3.062865488389e+00,1.644052358570e+00,1.902157719203e-02
-3.054896615311e+00,7.034446226318e+00,1.942390248716e-02
-3.044204557327e+00,1.901673289198e+00,1.905872689421e-02
-3.042251319245e+00,7.991470050594e+00,2.520995288845e-02
-3.039288623910e+00,9.201437351741e+00,6.358314891111e-02
-3.025543626265e+00,2.159294219826e+00,1.909721717982e-02
-3.017068724355e+00,6.130931826769e+00,1.911006724257e-02
-3.016301880623e+00,5.483078177425e+00,1.911668600040e-02
-3.006882695203e+00,2.416915150453e+00,1.913709565797e-02
-2.988221764142e+00,2.674536081081e+00,1.917841157174e-02
-2.982300015062e+00,4.885216048130e+00,1.918767330818e-02
-2.981889696764e+00,6.823337255402e+00,1.919193627454e-02
-2.976195486931e+00,8.994445714773e+00,5.167559915391e-02
-2.975288942239e+00,7.773097341574e+00,2.272722866312e-02
-2.969560833080e+00,2.932157011710e+00,1.922121585016e-02
-2.950899902018e+00,3.189777942339e+00,1.926556116133e-02
-2.938299511563e+00,5.927699991306e+00,1.929349389015e-02
-2.932238970956e+00,3.447398872968e+00,1.931150196699e-02
-2.932075285994e+00,5.288325929286e+00,1.931110791191e-02
-2.926025229201e+00,1.008842750679e+01,4.061817531921e-02
-2.915536841410e+00,8.769432758158e+00,4.145649544683e-02
-2.913578039894e+00,3.705019803598e+00,1.935909457844e-02
-2.908882778218e+00,6.612228284487e+00,1.936763123399e-02
-2.908326565232e+00,7.554724632554e+00,2.108439058183e-02
-2.894917108832e+00,3.962640734227e+00,1.940839721368e-02
-2.892943192472e+00,4.699534056577e+00,1.941314975308e-02
-2.879183163004e+00,1.250000040003e-01,1.933670279718e-02
-2.879183163004e+00,3.750000120003e-01,1.942163557474e-02
-2.879183163004e+00,6.250000200000e-01,1.945133967403e-02
-2.879183163004e+00,8.750000280000e-01,1.945133967403e-02
-2.876256177770e+00,4.220261664856e+00,1.945947005607e-02
-2.870543843068e+00,1.128810497314e+00,1.947546744898e-02
-2.867964546046e+00,9.897022016071e+00,9.000000000000e-02
-2.859530298770e+00,5.724468155844e+00,1.950631713285e-02
-2.857595246708e+00,4.477882595485e+00,1.951237531425e-02
-2.854878195888e+00,8.544419801544e+00,3.391168966448e-02
-2.853265203196e+00,1.386431427942e+00,1.952492005934e-02
-2.847848691366e+00,5.093573681147e+00,1.953519563907e-02
-2.841364188225e+00,7.336351923534e+00,2.001569491977e-02
-2.835986563324e+00,1.644052358570e+00,1.957601182349e-02
-2.835875859672e+00,6.401119313573e+00,1.956869451133e-02
-2.818707923452e+00,1.901673289198e+00,1.962879582472e-02
-2.809903862890e+00,9.705616525351e+00,8.999691798384e-02
-2.801429283580e+00,2.159294219826e+00,1.968332678043e-02
-2.794219550366e+00,8.319406844929e+00,2.857935282492e-02
-2.784150643708e+00,2.416915150453e+00,1.973966108669e-02
-2.780761085978e+00,5.521236320381e+00,1.975066439388e-02
-2.774401811219e+00,7.117979214514e+00,1.976777681823e-02
-2.766872003836e+00,2.674536081081e+00,1.979785686348e-02
-2.763622096737e+00,4.898821433008e+00,1.980388470419e-02
-2.762868941125e+00,6.190010342658e+00,1.980799870522e-02
-2.751843179735e+00,9.514211034633e+00,7.628334098320e-02
-2.749593363964e+00,2.932157011710e+00,1.985797400085e-02
-2.733560904845e+00,8.094393888314e+00,2.493662729182e-02
-2.732314724091e+00,3.189777942339e+00,1.992007420570e-02
-2.715036084219e+00,3.447398872968e+00,1.998422104943e-02
-2.707439434212e+00,6.899606505495e+00,2.000245037831e-02
-2.701991873185e+00,5.318004484919e+00,2.003022787666e-02
-2.697757444347e+00,3.705019803598e+00,2.005048001622e-02
-2.693782496580e+00,9.322805543915e+00,6.358081273427e-02
-2.689862022579e+00,5.978901371744e+00,2.008072862588e-02
-2.680478804475e+00,3.962640734227e+00,2.011891855206e-02
-2.679395502109e+00,4.704069184869e+00,2.012259389377e-02
-2.672902259323e+00,7.869380931699e+00,2.250555338226e-02
-2.663200164603e+00,4.220261664856e+00,2.018960611442e-02
-2.648848509965e+00,3.750000120003e-01,2.020035930503e-02
-2.648848509965e+00,1.250000040003e-01,2.005880395375e-02
-2.648848509965e+00,6.250000200000e-01,2.025008033018e-02
-2.648848509965e+00,8.750000280000e-01,2.025008033018e-02
-2.645921524730e+00,4.477882595485e+00,2.026261422247e-02
-2.640900335624e+00,1.128810497314e+00,2.028427609617e-02
-2.640477057206e+00,6.681233796476e+00,2.027863490324e-02
-2.637692584200e+00,9.111592555112e+00,5.156643870468e-02
-2.625003986942e+00,1.386431427942e+00,2.035420858188e-02
-2.623222660393e+00,5.114772649456e+00,2.034885027564e-02
-2.616855104033e+00,5.767792400829e+00,2.039073975841e-02
-2.612243613801e+00,7.644367975085e+00,2.091266111215e-02
-2.609107638259e+00,1.644052358570e+00,2.042624537705e-02
-2.593211289577e+00,1.901673289198e+00,2.050044752585e-02
-2.583573442593e+00,8.880572068224e+00,4.121199649256e-02
-2.577314940894e+00,2.159294219826e+00,2.057687770210e-02
-2.573514680199e+00,6.462861087458e+00,2.059221360962e-02
-2.561418592212e+00,2.416915150453e+00,2.065560024392e-02
-2.551584968280e+00,7.419355018470e+00,2.069028478020e-02
-2.546005957470e+00,1.020539097392e+01,4.062010922785e-02
-2.545522243530e+00,2.674536081081e+00,2.073668118859e-02
-2.544453447600e+00,4.911540813994e+00,2.073601075019e-02
-2.543848185487e+00,5.556683429915e+00,2.074211065400e-02
-2.529625894847e+00,2.932157011710e+00,2.082018830747e-02
-2.529454300987e+00,8.649551581335e+00,3.362048758173e-02
-2.513729546165e+00,3.189777942339e+00,2.090619114097e-02
-2.506552303193e+00,6.244488378439e+00,2.094533852506e-02
-2.497833197483e+00,3.447398872968e+00,2.099476103363e-02
-2.495502178854e+00,1.001184455865e+01,9.000000000000e-02
-2.490926322758e+00,7.194342061855e+00,2.102414278683e-02
-2.481936848800e+00,3.705019803598e+00,2.108597116903e-02
-2.475335159381e+00,8.418531094447e+00,2.829898187146e-02
-2.470841266941e+00,5.345574459001e+00,2.113908896102e-02
-2.466040500118e+00,3.962640734227e+00,2.117989660467e-02
-2.465684234808e+00,4.708308978531e+00,2.118120892163e-02
-2.450144151435e+00,4.220261664856e+00,2.127661430668e-02
-2.444998400238e+00,9.818298143391e+00,8.999529496577e-02
-2.439589926187e+00,6.026115669420e+00,2.134210889407e-02
-2.434247802753e+00,4.477882595485e+00,2.137620318426e-02
-2.430267677236e+00,6.969329105241e+00,2.139642230335e-02
-2.421216017774e+00,8.187510607558e+00,2.469534736739e-02
-2.418513856926e+00,1.250000040003e-01,2.115828119036e-02
-2.418513856926e+00,3.750000120003e-01,2.139434942369e-02
-2.418513856926e+00,6.250000200000e-01,2.147768132659e-02
-2.418513856926e+00,8.750000280000e-01,2.147768132659e-02
-2.411256828179e+00,1.128810497314e+00,2.152548320827e-02
-2.397834348395e+00,5.134465488086e+00,2.159834436970e-02
-2.396742770687e+00,1.386431427942e+00,2.162301611264e-02
-2.394494621622e+00,9.624751728129e+00,7.628115123861e-02
-2.382228713194e+00,1.644052358570e+00,2.172317576079e-02
-2.372627549180e+00,5.807742960402e+00,2.178682332771e-02
-2.369609031715e+00,6.744316148627e+00,2.181086303372e-02
-2.367714655702e+00,1.901673289198e+00,2.182602889138e-02
-2.367096876168e+00,7.956490120669e+00,2.231175025792e-02
-2.353200598209e+00,2.159294219826e+00,2.193164371471e-02
-2.343990843006e+00,9.431205312867e+00,6.357828206393e-02
-2.338686540717e+00,2.416915150453e+00,2.204008993236e-02
-2.324827429848e+00,4.923356517172e+00,2.213902167438e-02
-2.324172483224e+00,2.674536081081e+00,2.215143875642e-02
-2.312977734561e+00,7.725469633781e+00,2.223035939367e-02
-2.309658425731e+00,2.932157011710e+00,2.226576292800e-02
-2.308950386194e+00,6.519303192014e+00,2.227140956048e-02
-2.305665172174e+00,5.589370251383e+00,2.228392575574e-02
-2.295144368239e+00,3.189777942339e+00,2.238313673517e-02
-2.295055148518e+00,9.216238629125e+00,5.146754360380e-02
-2.280630310746e+00,3.447398872968e+00,2.250363603023e-02
-2.266116253253e+00,3.705019803598e+00,2.262733824599e-02
-2.258858592955e+00,7.494449146892e+00,2.268592808606e-02
-2.251820511302e+00,4.712247546257e+00,2.275142731981e-02
-2.251602195761e+00,3.962640734227e+00,2.275432241134e-02
-2.248291740672e+00,6.294290235400e+00,2.278218199968e-02
-2.247687538158e+00,8.979851676903e+00,4.099251308288e-02
-2.238702795168e+00,5.370997542365e+00,2.283793011137e-02
-2.237088138268e+00,4.220261664856e+00,2.288466916586e-02
-2.222574080775e+00,4.477882595485e+00,2.301846077324e-02
-2.204739451348e+00,7.263428660004e+00,2.318645374172e-02
-2.200319927797e+00,8.743464724680e+00,3.336126330765e-02
-2.188179203886e+00,6.250000200000e-01,2.334976091500e-02
-2.188179203886e+00,8.750000280000e-01,2.334976091500e-02
-2.188179203886e+00,1.250000040003e-01,2.281698415237e-02
-2.188179203886e+00,3.750000120003e-01,2.321016919635e-02
-2.187633095151e+00,6.069277278787e+00,2.334743377749e-02
-2.181613320734e+00,1.128810497314e+00,2.341535300300e-02
-2.171740418162e+00,5.152624833346e+00,2.349541703577e-02
-2.168481554432e+00,1.386431427942e+00,2.354886272998e-02
-2.161874165756e+00,1.030804502348e+01,4.062219179516e-02
-2.155349788129e+00,1.644052358570e+00,2.368552895864e-02
-2.152952317437e+00,8.507077772458e+00,2.805156759719e-02
-2.150620309742e+00,7.032408173115e+00,2.373553588975e-02
-2.142218021826e+00,1.901673289198e+00,2.382541959283e-02
-2.129086255523e+00,2.159294219826e+00,2.396860366256e-02
-2.126974449629e+00,5.844264322173e+00,2.397149410034e-02
-2.119005684610e+00,1.011265523518e+01,9.000000000000e-02
-2.115954489220e+00,2.416915150453e+00,2.411515132539e-02
-2.105584707077e+00,8.270690820235e+00,2.448430333207e-02
-2.104778041155e+00,4.934252124328e+00,2.423419622617e-02
-2.102822722917e+00,2.674536081081e+00,2.426513386687e-02
-2.096501168136e+00,6.801387686228e+00,2.433688707174e-02
-2.089690956615e+00,2.932157011710e+00,2.441862369976e-02
-2.076559190312e+00,3.189777942339e+00,2.457569436220e-02
-2.076137203463e+00,9.917265446872e+00,8.999354718499e-02
-2.066315804108e+00,5.619251365560e+00,2.465869258646e-02
-2.063427424009e+00,3.447398872968e+00,2.473642051438e-02
-2.058217096716e+00,8.034303868012e+00,2.480013544235e-02
-2.050295657706e+00,3.705019803598e+00,2.490087793415e-02
-2.042382026530e+00,6.570367199341e+00,2.499429523955e-02
-2.037815664149e+00,4.715879415309e+00,2.505961824775e-02
-2.037163891403e+00,3.962640734227e+00,2.506914351105e-02
-2.033268722317e+00,9.721875658568e+00,7.627879319602e-02
-2.024032125100e+00,4.220261664856e+00,2.524129523892e-02
-2.010900358797e+00,4.477882595485e+00,2.541741220701e-02
-2.010849486356e+00,7.797916915790e+00,2.541810229775e-02
-2.005657158587e+00,5.394238408947e+00,2.545063509287e-02
-1.990400241171e+00,9.526485870264e+00,6.357555694342e-02
-1.988262884924e+00,6.339346712453e+00,2.571157535450e-02
-1.963481875996e+00,7.561529963567e+00,2.608629735269e-02
-1.957844550845e+00,6.250000199999e-01,2.617100564414e-02
-1.957844550845e+00,8.750000279999e-01,2.617100564414e-02
-1.957844550845e+00,1.250000040003e-01,2.528584704959e-02
-1.957844550845e+00,3.750000120003e-01,2.593795884736e-02
-1.951969813289e+00,1.128810497314e+00,2.625874505457e-02
-1.948751954836e+00,9.308238528230e+00,5.137920256374e-02
-1.944998513066e+00,5.169225452334e+00,2.634166125304e-02
-1.940220338176e+00,1.386431427942e+00,2.643688425182e-02
-1.934143743318e+00,6.108326225566e+00,2.649250874985e-02
-1.928470863063e+00,1.644052358570e+00,2.661862190295e-02
-1.916721387949e+00,1.901673289198e+00,2.680402009547e-02
-1.916114265635e+00,7.325143011345e+00,2.680775064106e-02
-1.908323863312e+00,9.067133632464e+00,4.079823721853e-02
-1.904971912836e+00,2.159294219825e+00,2.699314152674e-02
-1.893222437723e+00,2.416915150453e+00,2.718604948852e-02
-1.884339867544e+00,4.944212495720e+00,2.732522862442e-02
-1.881472962610e+00,2.674536081081e+00,2.738280785020e-02
-1.880024601712e+00,5.877305738679e+00,2.734076887508e-02
-1.869723487497e+00,2.932157011710e+00,2.758348104080e-02
-1.868746655275e+00,7.088756059122e+00,2.758548338274e-02
-1.867895771787e+00,8.826028736698e+00,3.313357307564e-02
-1.857974012384e+00,3.189777942339e+00,2.778813402964e-02
-1.846224537271e+00,3.447398872968e+00,2.799683230562e-02
-1.834475062158e+00,3.705019803598e+00,2.820964185516e-02
-1.827467680263e+00,8.584923840931e+00,2.833629216069e-02
-1.825905460106e+00,5.646285251792e+00,2.830707422156e-02
-1.823681222023e+00,4.719199539107e+00,2.840765253840e-02
-1.822725587045e+00,3.962640734227e+00,2.842662913866e-02
-1.821379044915e+00,6.852369106901e+00,2.842246601229e-02
-1.810976111932e+00,4.220261664856e+00,2.864786106543e-02
-1.799226636819e+00,4.477882595485e+00,2.887340496719e-02
-1.787039588738e+00,8.343818945165e+00,2.910508822401e-02
-1.774168463568e+00,1.039624572055e+01,4.062442299752e-02
-1.774011434555e+00,6.615982154680e+00,2.932156860029e-02
-1.771786318500e+00,5.415264764905e+00,2.937612138062e-02
-1.746611497214e+00,8.102714049398e+00,2.992331203516e-02
-1.739001985830e+00,1.019931295982e+01,9.000000000000e-02
-1.727509897805e+00,1.250000040003e-01,2.888917879774e-02
-1.727509897805e+00,3.750000120003e-01,2.996146193241e-02
-1.727509897805e+00,6.250000199999e-01,3.034756174364e-02
-1.727509897805e+00,8.750000279999e-01,3.034756174364e-02
-1.726643824195e+00,6.379595202458e+00,3.028550316569e-02
-1.722326305843e+00,1.128810497314e+00,3.046085290527e-02
-1.717667176894e+00,5.184244278018e+00,3.053980155569e-02
-1.711959121920e+00,1.386431427942e+00,3.069026174529e-02
-1.706183405689e+00,7.861609153631e+00,3.079299200784e-02
-1.703835508091e+00,1.000238019908e+01,8.999167466025e-02
-1.701591937996e+00,1.644052358570e+00,3.092347913448e-02
-1.691224754073e+00,1.901673289198e+00,3.116055295030e-02
-1.680857570150e+00,2.159294219825e+00,3.140153110042e-02
-1.679276213835e+00,6.143208250237e+00,3.133345008698e-02
-1.670490386227e+00,2.416915150453e+00,3.164646149787e-02
-1.668669030352e+00,9.805447438350e+00,7.627626688727e-02
-1.665755314165e+00,7.620504257865e+00,3.171606393270e-02
-1.663548035288e+00,4.953223791131e+00,3.180311833352e-02
-1.660123202303e+00,2.674536081081e+00,3.189539203521e-02
-1.649756018380e+00,2.932157011710e+00,3.214837055773e-02
-1.639388834457e+00,3.189777942339e+00,3.240544483590e-02
-1.633502552613e+00,9.608514677616e+00,6.357263742145e-02
-1.631908603475e+00,5.906821298016e+00,3.250998254747e-02
-1.629021650533e+00,3.447398872968e+00,3.266666253661e-02
-1.625327222640e+00,7.379399362099e+00,3.269433788414e-02
-1.618654466610e+00,3.705019803598e+00,3.293207119350e-02
-1.609428893681e+00,4.722203304244e+00,3.317061814335e-02
-1.608287282687e+00,3.962640734227e+00,3.320171817643e-02
-1.599256870743e+00,9.387464416337e+00,5.130166174413e-02
-1.597920098763e+00,4.220261664856e+00,3.347565065987e-02
-1.587552914840e+00,4.477882595485e+00,3.375391559015e-02
-1.584899131116e+00,7.138294466332e+00,3.372946145678e-02
-1.584540993115e+00,5.670434345795e+00,3.377362553675e-02
-1.565931984742e+00,9.142296654514e+00,4.062929959552e-02
-1.544471039591e+00,6.897189570567e+00,3.482287934663e-02
-1.537173382755e+00,5.434047393574e+00,3.512785302469e-02
-1.532607098741e+00,8.897128892691e+00,3.524477555855e-02
-1.504042948067e+00,6.656084674802e+00,3.601174202516e-02
-1.499282212741e+00,8.651961130868e+00,3.622561076925e-02
-1.497175244764e+00,1.250000040003e-01,3.400160068134e-02
-1.497175244764e+00,3.750000120003e-01,3.573915224659e-02
-1.497175244764e+00,6.250000199999e-01,3.637021321100e-02
-1.497175244764e+00,8.750000279999e-01,3.637021321100e-02
-1.492682798397e+00,1.128810497314e+00,3.650947988320e-02
-1.489805772395e+00,5.197660441353e+00,3.657573083638e-02
-1.483697905664e+00,1.386431427942e+00,3.679071384576e-02
-1.474713012930e+00,1.644052358570e+00,3.707557134817e-02
-1.465957326740e+00,8.406793369045e+00,3.725063900746e-02
-1.465728120197e+00,1.901673289198e+00,3.736407930304e-02
-1.463614856543e+00,6.414979779037e+00,3.730750279397e-02
-1.456743227463e+00,2.159294219825e+00,3.765626420782e-02
-1.447758334730e+00,2.416915150453e+00,3.795215212200e-02
-1.442438162035e+00,4.961273489132e+00,3.811980060961e-02
-1.438773441996e+00,2.674536081081e+00,3.825176864465e-02
-1.432632440739e+00,8.161625607221e+00,3.832051257459e-02
-1.429788549263e+00,2.932157011710e+00,3.855513889087e-02
-1.423186765018e+00,6.173874883272e+00,3.867824522374e-02
-1.420803656529e+00,3.189777942339e+00,3.886228746860e-02
-1.411818763796e+00,3.447398872968e+00,3.917323845446e-02
-1.402833871062e+00,3.705019803598e+00,3.948801536980e-02
-1.399307554738e+00,7.916457845398e+00,3.943572724347e-02
-1.395070551675e+00,4.724886536910e+00,3.976195294092e-02
-1.393848978328e+00,3.962640734227e+00,3.980664115603e-02
-1.384864085595e+00,4.220261664856e+00,4.012913814986e-02
-1.383432472237e+00,1.046986939588e+01,4.062680281453e-02
-1.382758673494e+00,5.932769987507e+00,4.012565389411e-02
-1.375879192861e+00,4.477882595485e+00,4.045552805836e-02
-1.365982668737e+00,7.671290083575e+00,4.060352588677e-02
-1.356022914042e+00,1.027169645447e+01,9.000000000000e-02
-1.342330581970e+00,5.691665091742e+00,4.165104744274e-02
-1.332657782736e+00,7.426122321752e+00,4.188477295381e-02
-1.328613355847e+00,1.007352351306e+01,8.998967741251e-02
-1.301902490446e+00,5.450560195977e+00,4.325531593574e-02
-1.301203797653e+00,9.875350571647e+00,7.627357234767e-02
-1.299332896735e+00,7.180954559929e+00,4.322200439759e-02
-1.273794239458e+00,9.677177630238e+00,6.356952355014e-02
-1.266840591723e+00,1.250000040003e-01,4.096958213894e-02
-1.266840591723e+00,3.750000120003e-01,4.372355900746e-02
-1.266840591723e+00,6.250000199998e-01,4.473395069223e-02
-1.266840591723e+00,8.750000279998e-01,4.473395069223e-02
-1.266008010734e+00,6.935786798107e+00,4.461576466281e-02
-1.263039290952e+00,1.128810497314e+00,4.489387865520e-02
-1.261474398922e+00,5.209455300213e+00,4.493885575764e-02
-1.255436689408e+00,1.386431427942e+00,4.521594331593e-02
-1.247834087864e+00,1.644052358570e+00,4.554095777436e-02
-1.247048199285e+00,9.453806207065e+00,5.123512595709e-02
-1.240231486320e+00,1.901673289198e+00,4.586892734569e-02
-1.232683124733e+00,6.690619036285e+00,4.606637272934e-02
-1.232628884777e+00,2.159294219825e+00,4.619985680149e-02
-1.225026283233e+00,2.416915150453e+00,4.653375035827e-02
-1.221046307397e+00,4.968350404448e+00,4.670150289840e-02
-1.220965677134e+00,9.205236302128e+00,4.643380154030e-02
-1.217423681689e+00,2.674536081081e+00,4.687061166576e-02
-1.209821080145e+00,2.932157011710e+00,4.721044379558e-02
-1.202218478602e+00,3.189777942339e+00,4.755324922981e-02
-1.199358238733e+00,6.445451274463e+00,4.757389805456e-02
-1.194883154983e+00,8.956666397191e+00,4.762337533056e-02
-1.194615877058e+00,3.447398872968e+00,4.789902984986e-02
-1.187013275514e+00,3.705019803598e+00,4.824778692506e-02
-1.180618215873e+00,4.727245508682e+00,4.854246564463e-02
-1.179410673970e+00,3.962640734227e+00,4.859952110168e-02
-1.171808072427e+00,4.220261664856e+00,4.895423239198e-02
-1.168800632832e+00,8.708096492253e+00,4.884876481464e-02
-1.166033352732e+00,6.200283512641e+00,4.913813658326e-02
-1.164205470883e+00,4.477882595485e+00,4.931192016347e-02
-1.142718110681e+00,8.459526587316e+00,5.010987839785e-02
-1.132708466731e+00,5.955115750819e+00,5.075858714308e-02
-1.116635588530e+00,8.210956682378e+00,5.140651683273e-02
-1.099383580730e+00,5.709947988998e+00,5.243442855787e-02
-1.090553066380e+00,7.962386777440e+00,5.273836723271e-02
-1.066058694730e+00,5.464780227176e+00,5.416449781013e-02
-1.064470544229e+00,7.713816872503e+00,5.410499740734e-02
-1.038388022078e+00,7.465246967565e+00,5.550585058736e-02
-1.036505938683e+00,1.250000040003e-01,4.994978677261e-02
-1.036505938683e+00,3.750000120003e-01,5.418638509741e-02
-1.036505938683e+00,6.250000199998e-01,5.576103915651e-02
-1.036505938683e+00,8.750000279998e-01,5.576103915651e-02
-1.033395783506e+00,1.128810497314e+00,5.592833499156e-02
-1.032733808729e+00,5.219612465354e+00,5.594726956882e-02
-1.027175473152e+00,1.386431427942e+00,5.626435187370e-02
-1.020955162798e+00,1.644052358570e+00,5.660226225841e-02
-1.014734852444e+00,1.901673289198e+00,5.694205768964e-02
-1.012305499927e+00,7.216677062628e+00,5.694024060499e-02
-1.008514542090e+00,2.159294219825e+00,5.728372934413e-02
-1.002294231736e+00,2.416915150453e+00,5.762726802953e-02
-9.994089227282e-01,4.974444703533e+00,5.778083736102e-02
-9.960739213820e-01,2.674536081081e+00,5.797266418280e-02
-9.902140621728e-01,1.052881281942e+01,4.062933121550e-02
-9.898536110280e-01,2.932157011710e+00,5.831990786859e-02
-9.862229777758e-01,6.968107157692e+00,5.840734759007e-02
-9.836333006740e-01,3.189777942339e+00,5.866898877784e-02
-9.774129903200e-01,3.447398872968e+00,5.901989622647e-02
-9.711926799660e-01,3.705019803598e+00,5.937261915422e-02
-9.706044651996e-01,1.032970441856e+01,9.000000000000e-02
-9.660840367274e-01,4.729276941711e+00,5.966289660603e-02
-9.649723696120e-01,3.962640734227e+00,5.972714612363e-02
-9.601404556251e-01,6.719537252756e+00,5.990621423525e-02
-9.587520592580e-01,4.220261664856e+00,6.008346531915e-02
-9.525317489040e-01,4.477882595485e+00,6.044156454640e-02
-9.509948682263e-01,1.013059601769e+01,8.998755546386e-02
-9.340579334742e-01,6.470967347820e+00,6.143574267430e-02
-9.313852712532e-01,9.931487616826e+00,7.627070961446e-02
-9.117756742801e-01,9.732379215961e+00,6.356621538535e-02
-9.079754113234e-01,6.222397442883e+00,6.299469200280e-02
-8.926080149226e-01,9.507171716660e+00,6.377327331450e-02
-8.818928891726e-01,5.973827537948e+00,6.458167645472e-02
-8.738822931809e-01,9.255865118923e+00,6.492694043371e-02
-8.558103670218e-01,5.725257633012e+00,6.619516422664e-02
-8.551565714392e-01,9.004558521186e+00,6.609261744651e-02
-8.364308496974e-01,8.753251923449e+00,6.727211388359e-02
-8.297278448710e-01,5.476687728076e+00,6.783347691543e-02
-8.177051279556e-01,8.501945325712e+00,6.846484196569e-02
-8.061712856421e-01,1.250000040003e-01,6.066668331768e-02
-8.061712856421e-01,3.750000120003e-01,6.695858693436e-02
-8.061712856421e-01,6.250000199998e-01,6.934500759835e-02
-8.061712856421e-01,8.750000279998e-01,6.934500759835e-02
-8.037522760600e-01,1.128810497314e+00,6.949919590770e-02
-8.036453227202e-01,5.228117823140e+00,6.949478950357e-02
-7.989794062138e-01,8.250638727974e+00,6.967017969834e-02
-7.989142568958e-01,1.386431427942e+00,6.980818594204e-02
-7.940762377316e-01,1.644052358570e+00,7.011798533244e-02
-7.892382185674e-01,1.901673289198e+00,7.042858373250e-02
-7.844001994032e-01,2.159294219825e+00,7.073997067269e-02
-7.802536844721e-01,7.999332130237e+00,7.088747140572e-02
-7.795621802390e-01,2.416915150453e+00,7.105213556147e-02
-7.775628005694e-01,4.979547918204e+00,7.117713078787e-02
-7.747241610748e-01,2.674536081081e+00,7.136506768647e-02
-7.698861419106e-01,2.932157011710e+00,7.167875621564e-02
-7.650481227464e-01,3.189777942339e+00,7.199319019858e-02
-7.615279627303e-01,7.748025532500e+00,7.211602836544e-02
-7.602101035822e-01,3.447398872968e+00,7.230835856773e-02
-7.553720844180e-01,3.705019803598e+00,7.262425013976e-02
-7.514802784186e-01,4.730978013268e+00,7.287838410118e-02
-7.505340652537e-01,3.962640734227e+00,7.294085361685e-02
-7.456960460895e-01,4.220261664856e+00,7.325815758815e-02
-7.428022409885e-01,7.496718934762e+00,7.335512953521e-02
-7.408580269253e-01,4.477882595485e+00,7.357615053116e-02
-7.240765192468e-01,7.245412337025e+00,7.460402235962e-02
-7.053507975051e-01,6.994105739289e+00,7.586192364208e-02
-6.866250757635e-01,6.742799141554e+00,7.712802046344e-02
-6.678993540218e-01,6.491492543818e+00,7.840147112451e-02
-6.491736322802e-01,6.240185946082e+00,7.968140608486e-02
-6.304479105385e-01,5.988879348346e+00,8.096692886434e-02
-6.117221887969e-01,5.737572750611e+00,8.225711686672e-02
-5.950645837283e-01,1.057299334530e+01,4.063200817123e-02
-5.929964670552e-01,5.486266152875e+00,8.355102207596e-02
-5.832860485075e-01,1.037325567103e+01,9.000000000000e-02
-5.758366326015e-01,1.250000040003e-01,7.215133764253e-02
-5.758366326015e-01,3.750000120003e-01,8.117646575766e-02
-5.758366326015e-01,6.250000199997e-01,8.474553854456e-02
-5.758366326015e-01,8.750000279997e-01,8.474553854456e-02
-5.742707453136e-01,5.234959555139e+00,8.484767156520e-02
-5.741087686143e-01,1.128810497314e+00,8.486484521377e-02
-5.715075132867e-01,1.017351799676e+01,8.998530883661e-02
-5.706530406399e-01,1.386431427942e+00,8.510354295235e-02
-5.671973126654e-01,1.644052358570e+00,8.534234887258e-02
-5.637415846910e-01,1.901673289198e+00,8.558125774380e-02
-5.602858567166e-01,2.159294219825e+00,8.582026432629e-02
-5.597289780659e-01,9.973780322500e+00,7.752953778726e-02
-5.568301287422e-01,2.416915150453e+00,8.605936337170e-02
-5.555450235719e-01,4.983652957404e+00,8.614606774471e-02
-5.533744007678e-01,2.674536081081e+00,8.629854962350e-02
-5.499186727933e-01,2.932157011710e+00,8.653781781747e-02
-5.479504428452e-01,9.774042648236e+00,8.445894798691e-02
-5.464629448189e-01,3.189777942339e+00,8.677716268212e-02
-5.430072168444e-01,3.447398872968e+00,8.701657893921e-02
-5.395514888700e-01,3.705019803598e+00,8.725606130414e-02
-5.368193018302e-01,4.732346359668e+00,8.744518825793e-02
-5.364214924683e-01,9.547486792346e+00,8.738056101117e-02
-5.360957608955e-01,3.962640734227e+00,8.749560448650e-02
-5.326400329211e-01,4.220261664856e+00,8.773520319045e-02
-5.291843049466e-01,4.477882595485e+00,8.797485211526e-02
-5.251421269353e-01,9.294112754830e+00,8.817159137650e-02
-5.138627614023e-01,9.040738717315e+00,8.896132412498e-02
-5.025833958693e-01,8.787364679799e+00,8.975111827211e-02
-4.913040303363e-01,8.533990642283e+00,9.000000000000e-02
-4.800246648033e-01,8.280616604766e+00,9.000000000000e-02
-4.687452992704e-01,8.027242567250e+00,9.000000000000e-02
-4.574659337374e-01,7.773868529734e+00,9.000000000000e-02
-4.461865682044e-01,7.520494492218e+00,9.000000000000e-02
-4.349072026714e-01,7.267120454702e+00,9.000000000000e-02
-4.236278371384e-01,7.013746417188e+00,9.000000000000e-02
-4.123484716055e-01,6.760372379673e+00,9.000000000000e-02
-4.010691060726e-01,6.506998342158e+00,9.000000000000e-02
-3.897897405397e-01,6.253624304644e+00,9.000000000000e-02
-3.785103750067e-01,6.000250267129e+00,9.000000000000e-02
-3.672310094738e-01,5.746876229615e+00,9.000000000000e-02
-3.559516439409e-01,5.493502192101e+00,9.000000000000e-02
-3.455019795609e-01,3.750000120003e-01,9.000000000000e-02
-3.455019795609e-01,8.750000279997e-01,9.000000000000e-02
-3.455019795609e-01,1.250000040003e-01,8.254720346760e-02
-3.455019795609e-01,6.250000199997e-01,9.000000000000e-02
-3.446722784080e-01,5.240128154586e+00,9.000000000000e-02
-3.444652611686e-01,1.128810497314e+00,9.000000000000e-02
-3.423918243839e-01,1.386431427942e+00,9.000000000000e-02
-3.403183875993e-01,1.644052358570e+00,9.000000000000e-02
-3.382449508146e-01,1.901673289198e+00,9.000000000000e-02
-3.361715140300e-01,2.159294219825e+00,9.000000000000e-02
-3.340980772453e-01,2.416915150453e+00,9.000000000000e-02
-3.333929128751e-01,4.986754117072e+00,9.000000000000e-02
-3.320246404607e-01,2.674536081081e+00,9.000000000000e-02
-3.299512036760e-01,2.932157011710e+00,9.000000000000e-02
-3.278777668913e-01,3.189777942339e+00,9.000000000000e-02
-3.258043301067e-01,3.447398872968e+00,9.000000000000e-02
-3.237308933220e-01,3.705019803598e+00,9.000000000000e-02
-3.221135473421e-01,4.733380079557e+00,9.000000000000e-02
-3.216574565373e-01,3.962640734227e+00,9.000000000000e-02
-3.195840197526e-01,4.220261664856e+00,9.000000000000e-02
-3.175105829680e-01,4.477882595485e+00,9.000000000000e-02
-1.985380948026e-01,1.060234902742e+01,4.063483365652e-02
-1.946097320670e-01,1.040228926379e+01,9.000000000000e-02
-1.906813693314e-01,1.020222950015e+01,8.998293755486e-02
-1.867530065959e-01,1.000216973652e+01,9.000000000000e-02
-1.828246438603e-01,9.802109972889e+00,9.000000000000e-02
-1.789762331351e-01,9.574695415315e+00,7.350329838525e-02
-1.752077744200e-01,9.319926063801e+00,7.194729885196e-02
-1.714393157050e-01,9.065156712287e+00,7.039264856799e-02
-1.676708569899e-01,8.810387360773e+00,6.883825100569e-02
-1.639023982749e-01,8.555618009258e+00,6.728412368024e-02
-1.601339395598e-01,8.300848657743e+00,6.573028576002e-02
-1.563654808448e-01,8.046079306229e+00,6.417675826622e-02
-1.525970221297e-01,7.791309954714e+00,6.262356430143e-02
-1.488285634147e-01,7.536540603200e+00,6.107072931325e-02
-1.450601046996e-01,7.281771251686e+00,5.951828139885e-02
-1.412916459846e-01,7.027001900173e+00,5.796625165805e-02
-1.375231872696e-01,6.772232548660e+00,5.641467460403e-02
-1.337547285546e-01,6.517463197146e+00,5.486358864366e-02
-1.299862698395e-01,6.262693845633e+00,5.331303664048e-02
-1.262178111245e-01,6.007924494121e+00,5.176306657822e-02
-1.224493524095e-01,5.753155142608e+00,5.021373234601e-02
-1.186808936945e-01,5.498385791095e+00,4.866509467211e-02
-1.151673265203e-01,1.250000040003e-01,9.000000000000e-02
-1.151673265203e-01,3.750000120003e-01,9.000000000000e-02
-1.151673265203e-01,6.250000199997e-01,4.721860387336e-02
-1.151673265203e-01,8.750000279997e-01,4.721860387336e-02
-1.149124349795e-01,5.243616439582e+00,4.711722223934e-02
-1.148217537229e-01,1.128810497314e+00,4.707691902639e-02
-1.141306081280e-01,1.386431427942e+00,4.679354933248e-02
-1.134394625331e-01,1.644052358570e+00,4.651017963857e-02
-1.127483169382e-01,1.901673289198e+00,4.622680994466e-02
-1.120571713433e-01,2.159294219825e+00,4.594344025075e-02
-1.113660257485e-01,2.416915150453e+00,4.566007055689e-02
-1.111439762644e-01,4.988847088069e+00,4.557019302623e-02
-1.106748801536e-01,2.674536081081e+00,4.537670086298e-02
-1.099837345587e-01,2.932157011710e+00,4.509333116907e-02
-1.092925889638e-01,3.189777942339e+00,4.480996147516e-02
-1.086014433689e-01,3.447398872968e+00,4.452659178125e-02
-1.079102977740e-01,3.705019803598e+00,4.424322208734e-02
-1.073755175494e-01,4.734077736556e+00,4.402409592635e-02
-1.072191521791e-01,3.962640734227e+00,4.395985239343e-02
-1.065280065842e-01,4.220261664856e+00,4.367648269952e-02
-1.058368609893e-01,4.477882595485e+00,4.339311300565e-02
1.250000039998e-01,9.812779018781e+00,4.102765909270e-02
1.250000039999e-01,1.001291394118e+01,9.000000000000e-02
1.250000040000e-01,1.021304886359e+01,8.997658759556e-02
1.250000040001e-01,1.041318378599e+01,9.000000000000e-02
1.250000040001e-01,1.061331870840e+01,4.102765909302e-02
1.339285757138e-01,3.750000120003e-01,5.125000163988e-02
1.339285757139e-01,1.250000040003e-01,9.000000000000e-02
3.750000119994e-01,9.812859968383e+00,4.102397138862e-02
3.750000119997e-01,1.001297690199e+01,9.000000000000e-02
3.750000119999e-01,1.021309383559e+01,8.997970910121e-02
3.750000120002e-01,1.041321076919e+01,9.000000000000e-02
3.750000120005e-01,1.061332770280e+01,4.102397138874e-02
4.017857271414e-01,3.750000120003e-01,5.125000163988e-02
4.017857271417e-01,1.250000040003e-01,9.000000000000e-02
6.250000199988e-01,9.812940917986e+00,4.102028368449e-02
6.250000199993e-01,1.001303986279e+01,9.000000000000e-02
6.250000199999e-01,1.021313880759e+01,8.998283060695e-02
6.250000200004e-01,1.041323775240e+01,9.000000000000e-02
6.250000200010e-01,1.061333669720e+01,4.102028368457e-02
6.696428785690e-01,3.750000120003e-01,5.125000163988e-02
6.696428785694e-01,1.250000040003e-01,9.000000000000e-02
8.750000279983e-01,9.813021867588e+00,4.101659598037e-02
8.750000279991e-01,1.001310282359e+01,9.000000000000e-02
8.750000279999e-01,1.021318377959e+01,8.998595211277e-02
8.750000280007e-01,1.041326473560e+01,9.000000000000e-02
8.750000280015e-01,1.061334569160e+01,4.101659598041e-02
9.375000299966e-01,3.750000120003e-01,5.125000163992e-02
9.375000299972e-01,1.250000040002e-01,9.000000000000e-02
1.125000035998e+00,9.813102817191e+00,4.101290827625e-02
1.125000035999e+00,1.001316578439e+01,9.000000000000e-02
1.125000036000e+00,1.021322875160e+01,8.998907361863e-02
1.125000036001e+00,1.041329171880e+01,9.000000000000e-02
1.125000036002e+00,1.061335468600e+01,4.101290827620e-02
1.205357181424e+00,3.750000120002e-01,5.125000163992e-02
1.205357181425e+00,1.250000040002e-01,9.000000000000e-02
1.375000043999e+00,9.813183766793e+00,4.100922057212e-02
1.375000044000e+00,1.001322874519e+01,9.000000000000e-02
1.375000044000e+00,1.021327372360e+01,8.999219512454e-02
1.375000044001e+00,1.041331870200e+01,9.000000000000e-02
1.375000044001e+00,1.061336368040e+01,4.100922057204e-02
1.473214332852e+00,3.750000120002e-01,5.125000163992e-02
1.473214332853e+00,1.250000040002e-01,9.000000000000e-02
1.625000052000e+00,9.813264716396e+00,4.100553286800e-02
1.625000052000e+00,1.001329170600e+01,9.000000000000e-02
1.625000052000e+00,1.021331869560e+01,8.999531663050e-02
1.625000052000e+00,1.041334568520e+01,9.000000000000e-02
1.625000052001e+00,1.061337267480e+01,4.100553286788e-02
1.741071484281e+00,3.750000120002e-01,5.125000163992e-02
1.741071484282e+00,1.250000040002e-01,9.000000000000e-02
1.875000060000e+00,9.813345665998e+00,4.100184516388e-02
1.875000060000e+00,1.001335466680e+01,9.000000000000e-02
1.875000060000e+00,1.021336366760e+01,8.999843813647e-02
1.875000060000e+00,1.041337266840e+01,9.000000000000e-02
1.875000060000e+00,1.061338166920e+01,4.100184516355e-02
2.008928635710e+00,1.250000040002e-01,9.000000000000e-02
2.008928635710e+00,3.750000120002e-01,5.125000163992e-02
2.276785787138e+00,1.250000040002e-01,9.000000000000e-02
2.276785787140e+00,3.750000120002e-01,5.125000163992e-02
2.544642938566e+00,1.250000040002e-01,9.000000000000e-02
2.544642938569e+00,3.750000120002e-01,5.125000163992e-02
2.812500089994e+00,1.250000040002e-01,9.000000000000e-02
2.812500089999e+00,3.750000120002e-01,5.125000163992e-02
3.080357241422e+00,1.250000040002e-01,9.000000000000e-02
3.080357241428e+00,3.750000120002e-01,5.125000163992e-02
3.348214392851e+00,1.250000040001e-01,9.000000000000e-02
3.348214392858e+00,3.750000120001e-01,5.125000163996e-02
3.616071544279e+00,1.250000040001e-01,9.000000000000e-02
3.616071544287e+00,3.750000120001e-01,5.125000163996e-02
3.883928695707e+00,1.250000040001e-01,9.000000000000e-02
3.883928695717e+00,3.750000120001e-01,5.125000163996e-02
4.151785847135e+00,1.250000040001e-01,9.000000000000e-02
4.151785847146e+00,3.750000120001e-01,5.125000163996e-02
4.419642998563e+00,1.250000040001e-01,9.000000000000e-02
4.419642998576e+00,3.750000120001e-01,5.125000163996e-02
4.687500149991e+00,1.250000040001e-01,9.000000000000e-02
4.687500150005e+00,3.750000120001e-01,5.125000163996e-02
4.955357301419e+00,1.250000040001e-01,9.000000000000e-02
4.955357301435e+00,3.750000120001e-01,5.125000163996e-02
5.223214452848e+00,1.250000040001e-01,9.000000000000e-02
5.223214452864e+00,3.750000120001e-01,5.125000163996e-02
5.491071604276e+00,1.250000040001e-01,9.000000000000e-02
5.491071604294e+00,3.750000120001e-01,5.125000163996e-02
5.758928755704e+00,1.250000040001e-01,9.000000000000e-02
5.758928755723e+00,3.750000120001e-01,5.125000163996e-02
6.026785907132e+00,1.250000040001e-01,9.000000000000e-02
6.026785907153e+00,3.750000120001e-01,5.125000164000e-02
6.294643058560e+00,1.250000040000e-01,9.000000000000e-02
6.294643058582e+00,3.750000120000e-01,5.125000164000e-02
6.562500209988e+00,1.250000040000e-01,9.000000000000e-02
6.562500210012e+00,3.750000120000e-01,5.125000164000e-02
6.830357361416e+00,1.250000040000e-01,9.000000000000e-02
6.830357361441e+00,3.750000120000e-01,5.125000164000e-02
7.098214512844e+00,1.250000040000e-01,9.000000000000e-02
7.098214512871e+00,3.750000120000e-01,5.125000164000e-02
7.366071664273e+00,1.250000040000e-01,9.000000000000e-02
7.366071664300e+00,3.750000120000e-01,5.125000164000e-02
7.633928815702e+00,1.250000040000e-01,9.000000000000e-02
7.633928815729e+00,3.750000120000e-01,5.125000164000e-02
7.901785967131e+00,1.250000040000e-01,9.000000000000e-02
7.901785967157e+00,3.750000120000e-01,5.125000164000e-02
8.169643118560e+00,1.250000040000e-01,9.000000000000e-02
8.169643118586e+00,3.750000120000e-01,5.125000164000e-02
8.437500269990e+00,1.250000040000e-01,9.000000000000e-02
8.437500270014e+00,3.750000120000e-01,5.125000164000e-02
8.705357421419e+00,1.250000040000e-01,9.000000000000e-02
8.705357421442e+00,3.750000119999e-01,5.125000164004e-02
8.973214572849e+00,1.250000039999e-01,9.000000000000e-02
8.973214572870e+00,3.750000119999e-01,5.125000164004e-02
9.241071724278e+00,1.250000039999e-01,9.000000000000e-02
9.241071724298e+00,3.750000119999e-01,5.125000164004e-02
9.508928875708e+00,1.250000039999e-01,9.000000000000e-02
9.508928875727e+00,3.750000119999e-01,5.125000164004e-02
9.776786027137e+00,1.250000039999e-01,9.000000000000e-02
9.776786027155e+00,3.750000119999e-01,5.125000164004e-02
1.004464317857e+01,1.250000039999e-01,9.000000000000e-02
1.004464317858e+01,3.750000119999e-01,5.125000164004e-02
1.031250033000e+01,1.250000039999e-01,9.000000000000e-02
1.031250033001e+01,3.750000119999e-01,5.125000164004e-02
1.058035748143e+01,1.250000039999e-01,9.000000000000e-02
1.058035748144e+01,3.750000119999e-01,5.125000164004e-02
1.084821463286e+01,1.250000039999e-01,9.000000000000e-02
1.084821463287e+01,3.750000119999e-01,5.125000164004e-02
1.111607178428e+01,1.250000039999e-01,9.000000000000e-02
1.111607178430e+01,3.750000119999e-01,5.125000164004e-02
1.138392893571e+01,1.250000039999e-01,9.000000000000e-02
1.138392893572e+01,3.750000119999e-01,5.125000164004e-02
1.165178608714e+01,1.250000039998e-01,9.000000000000e-02
1.165178608715e+01,3.750000119998e-01,5.125000164008e-02
1.191964323857e+01,1.250000039998e-01,9.000000000000e-02
1.191964323858e+01,3.750000119998e-01,5.125000164008e-02
1.218750039000e+01,1.250000039998e-01,9.000000000000e-02
1.218750039001e+01,3.750000119998e-01,5.125000164008e-02
1.245535754143e+01,1.250000039998e-01,9.000000000000e-02
1.245535754144e+01,3.750000119998e-01,5.125000164008e-02
1.272321469286e+01,1.250000039998e-01,9.000000000000e-02
1.272321469286e+01,3.750000119998e-01,5.125000164008e-02
1.299107184429e+01,1.250000039998e-01,9.000000000000e-02
1.299107184429e+01,3.750000119998e-01,5.125000164008e-02
1.325892899572e+01,1.250000039998e-01,9.000000000000e-02
1.325892899572e+01,3.750000119998e-01,5.125000164008e-02
1.352678614715e+01,3.750000119998e-01,5.125000164008e-02
1.352678614715e+01,1.250000039998e-01,9.000000000000e-02
1.379464329858e+01,3.750000119998e-01,5.125000164008e-02
1.379464329858e+01,1.250000039998e-01,9.000000000000e-02
1.406250045000e+01,3.750000119997e-01,5.125000164012e-02
1.406250045000e+01,1.250000039997e-01,9.000000000000e-02
1.433035760143e+01,3.750000119997e-01,5.125000164012e-02
1.433035760143e+01,1.250000039997e-01,9.000000000000e-02
1.459821475286e+01,3.750000119997e-01,5.125000164012e-02
1.459821475286e+01,1.250000039997e-01,9.000000000000e-02
1.486607190429e+01,3.750000119997e-01,5.125000164008e-02
1.486607190429e+01,1.250000039997e-01,9.000000000000e-02
