seed,gen,rank,fitness,expr
1,0,0,1.649326340746e-03,"neg(yw)"
1,0,1,1.656799166130e-03,"sub(neg(0.1647435216084674), mul(yw, 0.16375780484398073))"
1,0,2,1.672661792331e-03,"protected_tanh(-0.12947733335425327)"
1,0,3,1.680996811533e-03,"protected_tanh(neg(0.08900225798255168))"
1,0,4,1.681704377102e-03,"mul(0.3955753946414917, protected_tanh(neg(yw)))"
1,0,5,1.698353903775e-03,"add(yw, neg(yw))"
1,0,6,1.719471249733e-03,"add(protected_tanh(sub(0.43916701894858656, yw)), mul(sub(yw, 0.4522444552911937), add(0.33757797566257286, yw)))"
1,0,7,1.734984678711e-03,"protected_tanh(yw)"
1,0,8,1.759931003976e-03,"add(protected_tanh(0.14715616531930265), yw)"
1,0,9,1.814568877665e-03,"add(0.2609624449125756, neg(add(-0.4716525234779937, -0.06723293209494663)))"
1,1,0,1.608488282344e-03,"add(yw, sub(-0.39123830755458666, yw))"
1,1,1,1.627496676400e-03,"mul(add(yw, yw), add(-0.4854400250751877, -0.2504407743465772))"
1,1,2,1.641171705968e-03,"sub(neg(yw), mul(yw, 0.16375780484398073))"
1,1,3,1.645387159060e-03,"sub(neg(0.1647435216084674), mul(yw, neg(-0.38580935430799)))"
1,1,4,1.649327707377e-03,"neg(yw)"
1,1,5,1.656799369157e-03,"sub(neg(0.1647435216084674), mul(yw, 0.16375780484398073))"
1,1,6,1.687160716354e-03,"mul(0.3955753946414917, protected_tanh(neg(0.14820280456237434)))"
1,1,7,1.716647694392e-03,"mul(yw, yw)"
1,1,8,1.737461119124e-03,"yw"
1,1,9,1.771961244751e-03,"sub(neg(0.04470216357890444), sub(-0.27680421975332925, yw))"
1,2,0,1.560017250763e-03,"add(yw, add(-0.4854400250751877, -0.2504407743465772))"
1,2,1,1.591966052521e-03,"add(yw, sub(protected_tanh(-0.48279980327676497), yw))"
1,2,2,1.608488177339e-03,"add(yw, sub(-0.39123830755458666, yw))"
1,2,3,1.608488177536e-03,"add(yw, sub(-0.39123830755458666, yw))"
1,2,4,1.613915192708e-03,"mul(add(sub(mul(-0.28697020361918624, yw), neg(0.41444463940257725)), yw), sub(-0.39123830755458666, yw))"
1,2,5,1.627496271709e-03,"mul(add(yw, yw), add(-0.4854400250751877, -0.2504407743465772))"
1,2,6,1.627496508085e-03,"mul(add(yw, yw), add(-0.4854400250751877, -0.2504407743465772))"
1,2,7,1.641171662469e-03,"sub(neg(yw), mul(yw, 0.16375780484398073))"
1,2,8,1.713115537761e-03,"mul(add(yw, yw), add(yw, -0.2504407743465772))"
1,2,9,1.774758285406e-03,"neg(-0.4854400250751877)"
1,3,0,1.560017283372e-03,"add(yw, add(-0.4854400250751877, -0.2504407743465772))"
1,3,1,1.591965400988e-03,"add(yw, sub(protected_tanh(-0.48279980327676497), yw))"
1,3,2,1.591966052510e-03,"add(yw, sub(protected_tanh(-0.48279980327676497), yw))"
1,3,3,1.591966052538e-03,"add(yw, sub(protected_tanh(-0.48279980327676497), yw))"
1,3,4,1.591966052572e-03,"add(yw, sub(protected_tanh(-0.48279980327676497), yw))"
1,3,5,1.608488318379e-03,"add(yw, sub(-0.39123830755458666, yw))"
1,3,6,1.610254875374e-03,"-0.3848975015720727"
1,3,7,1.633644107701e-03,"sub(neg(yw), mul(add(yw, yw), 0.16375780484398073))"
1,3,8,1.724838827881e-03,"add(yw, sub(-0.39123830755458666, neg(add(yw, yw))))"
1,3,9,1.725189208538e-03,"mul(yw, protected_tanh(add(0.3967594152479079, yw)))"
1,4,0,1.372116920285e-03,"add(add(-0.41058518749939865, -0.40951156130425237), sub(protected_tanh(-0.48279980327676497), yw))"
1,4,1,1.526560250315e-03,"add(mul(yw, -0.31318714978743245), sub(protected_tanh(-0.48279980327676497), yw))"
1,4,2,1.560017283372e-03,"add(yw, add(-0.4854400250751877, -0.2504407743465772))"
1,4,3,1.560017285777e-03,"add(yw, add(-0.4854400250751877, -0.2504407743465772))"
1,4,4,1.560912062920e-03,"add(yw, add(-0.48279980327676497, -0.2504407743465772))"
1,4,5,1.591966052484e-03,"add(yw, sub(protected_tanh(-0.48279980327676497), yw))"
1,4,6,1.591966052538e-03,"add(yw, sub(protected_tanh(-0.48279980327676497), yw))"
1,4,7,1.591966052572e-03,"add(yw, sub(protected_tanh(-0.48279980327676497), yw))"
1,4,8,1.591966052626e-03,"add(yw, sub(protected_tanh(-0.48279980327676497), yw))"
1,4,9,1.600668111203e-03,"add(protected_tanh(neg(-0.240914008146355)), sub(protected_tanh(-0.4854400250751877), yw))"
1,5,0,1.372116886419e-03,"add(add(-0.41058518749939865, -0.40951156130425237), sub(sub(protected_tanh(yw), sub(0.48321706674199083, -0.10220268693512724)), yw))"
1,5,1,1.372116886419e-03,"add(add(-0.41058518749939865, -0.40951156130425237), sub(protected_tanh(-0.48279980327676497), yw))"
1,5,2,1.526560247455e-03,"add(mul(yw, -0.31318714978743245), sub(protected_tanh(-0.48279980327676497), yw))"
1,5,3,1.558286123881e-03,"add(yw, add(sub(-0.014216892239388157, 0.4763120008304985), -0.2504407743465772))"
1,5,4,1.560017251053e-03,"add(yw, add(-0.4854400250751877, -0.2504407743465772))"
1,5,5,1.560017262561e-03,"add(yw, add(-0.4854400250751877, -0.2504407743465772))"
1,5,6,1.591966052942e-03,"add(yw, sub(protected_tanh(-0.48279980327676497), yw))"
1,5,7,1.606337921356e-03,"add(yw, add(add(add(mul(yw, yw), mul(0.03749231366736394, yw)), -0.40951156130425237), -0.2504407743465772))"
1,5,8,1.621710764065e-03,"protected_tanh(protected_tanh(-0.3737001799512))"
1,5,9,1.705915749592e-03,"neg(neg(0.04137765198498067))"
1,6,0,1.372116886419e-03,"add(add(-0.41058518749939865, -0.40951156130425237), sub(sub(protected_tanh(yw), sub(0.48321706674199083, -0.10220268693512724)), yw))"
1,6,1,1.372116915551e-03,"add(add(-0.41058518749939865, -0.40951156130425237), sub(protected_tanh(-0.48279980327676497), yw))"
1,6,2,1.417044189196e-03,"add(add(-0.41058518749939865, -0.40951156130425237), sub(protected_tanh(mul(neg(yw), protected_tanh(yw))), yw))"
1,6,3,1.477500042488e-03,"add(neg(sub(yw, 0.10067908118705848)), add(sub(-0.014216892239388157, 0.4763120008304985), -0.2504407743465772))"
1,6,4,1.551752877209e-03,"add(mul(mul(yw, 0.24957681118975672), add(yw, 0.07908262328084315)), sub(sub(protected_tanh(yw), sub(0.48321706674199083, -0.10220268693512724)), yw))"
1,6,5,1.558286107706e-03,"add(yw, add(sub(-0.014216892239388157, 0.4763120008304985), -0.2504407743465772))"
1,6,6,1.590269928123e-03,"add(add(-0.41058518749939865, -0.40951156130425237), sub(sub(protected_tanh(yw), sub(-0.48279980327676497, -0.10220268693512724)), yw))"
1,6,7,1.616176360121e-03,"add(neg(-0.3352457813167262), sub(-0.4854400250751877, yw))"
1,6,8,1.767632494930e-03,"add(yw, add(mul(yw, yw), protected_tanh(yw)))"
1,6,9,1.778145873263e-03,"add(mul(yw, -0.31318714978743245), sub(protected_tanh(0.48321706674199083), add(add(-0.32372410479352465, -0.0732471181629697), protected_tanh(yw))))"
1,7,0,1.372116886419e-03,"add(add(-0.41058518749939865, -0.40951156130425237), sub(sub(protected_tanh(yw), sub(0.48321706674199083, -0.10220268693512724)), yw))"
1,7,1,1.372116887052e-03,"add(add(add(-0.41058518749939865, -0.40951156130425237), -0.40951156130425237), sub(protected_tanh(mul(neg(yw), protected_tanh(yw))), yw))"
1,7,2,1.372116915551e-03,"add(add(-0.41058518749939865, -0.40951156130425237), sub(protected_tanh(-0.48279980327676497), yw))"
1,7,3,1.388531988191e-03,"add(-0.41058518749939865, sub(sub(protected_tanh(yw), sub(0.48321706674199083, mul(protected_tanh(-0.4991552820511105), neg(-0.14978724491000783)))), yw))"
1,7,4,1.417044189154e-03,"add(add(-0.41058518749939865, -0.40951156130425237), sub(protected_tanh(mul(neg(yw), protected_tanh(yw))), yw))"
1,7,5,1.477500064384e-03,"add(neg(sub(yw, 0.10067908118705848)), add(sub(-0.014216892239388157, 0.4763120008304985), -0.2504407743465772))"
1,7,6,1.501618768268e-03,"add(add(-0.41058518749939865, -0.40951156130425237), sub(protected_tanh(mul(neg(yw), protected_tanh(yw))), protected_tanh(neg(yw))))"
1,7,7,1.568816646287e-03,"add(add(-0.41058518749939865, -0.40951156130425237), sub(0.48321706674199083, yw))"
1,7,8,1.636202838065e-03,"add(add(-0.41058518749939865, add(mul(yw, 0.1008323865726104), protected_tanh(0.437476573471953))), sub(protected_tanh(mul(neg(yw), protected_tanh(yw))), yw))"
1,7,9,1.757319568365e-03,"add(mul(mul(yw, 0.24957681118975672), add(yw, 0.07908262328084315)), sub(sub(protected_tanh(yw), sub(protected_tanh(-0.48279980327676497), -0.10220268693512724)), yw))"
1,8,0,1.372116886419e-03,"add(add(-0.41058518749939865, -0.40951156130425237), sub(sub(protected_tanh(yw), sub(0.48321706674199083, -0.10220268693512724)), yw))"
1,8,1,1.372116886463e-03,"add(add(add(-0.41058518749939865, -0.40951156130425237), -0.40951156130425237), sub(protected_tanh(mul(neg(yw), protected_tanh(yw))), yw))"
1,8,2,1.372116886801e-03,"add(add(-0.41058518749939865, -0.40951156130425237), sub(sub(protected_tanh(neg(-0.14978724491000783)), sub(0.48321706674199083, -0.10220268693512724)), yw))"
1,8,3,1.372116915551e-03,"add(add(add(-0.41058518749939865, -0.40951156130425237), -0.40951156130425237), sub(protected_tanh(mul(neg(yw), protected_tanh(yw))), yw))"
1,8,4,1.372116965130e-03,"add(add(-0.41058518749939865, -0.40951156130425237), sub(-0.4802586126019154, yw))"
1,8,5,1.376283290044e-03,"add(add(add(-0.41058518749939865, -0.40951156130425237), -0.40951156130425237), sub(protected_tanh(mul(neg(yw), protected_tanh(yw))), neg(yw)))"
1,8,6,1.402123190456e-03,"add(-0.41058518749939865, sub(sub(protected_tanh(yw), sub(0.48321706674199083, mul(protected_tanh(-0.4991552820511105), yw))), yw))"
1,8,7,1.417044189154e-03,"add(add(-0.41058518749939865, -0.40951156130425237), sub(protected_tanh(mul(neg(yw), protected_tanh(yw))), yw))"
1,8,8,1.477500042601e-03,"add(neg(sub(yw, 0.10067908118705848)), add(sub(-0.014216892239388157, 0.4763120008304985), -0.2504407743465772))"
1,8,9,1.734984672099e-03,"protected_tanh(yw)"
1,9,0,1.372116886419e-03,"add(add(-0.41058518749939865, -0.40951156130425237), sub(sub(protected_tanh(yw), sub(0.48321706674199083, -0.10220268693512724)), yw))"
1,9,1,1.372116886462e-03,"add(add(-0.41058518749939865, -0.40951156130425237), sub(-0.4802586126019154, yw))"
1,9,2,1.372116886791e-03,"add(add(-0.41058518749939865, -0.40951156130425237), sub(sub(protected_tanh(neg(-0.14978724491000783)), sub(0.48321706674199083, -0.10220268693512724)), yw))"
1,9,3,1.372116886801e-03,"add(add(-0.41058518749939865, -0.40951156130425237), sub(-0.4991552820511105, yw))"
1,9,4,1.372116915551e-03,"add(add(add(-0.41058518749939865, -0.40951156130425237), -0.40951156130425237), sub(protected_tanh(mul(neg(yw), protected_tanh(yw))), yw))"
1,9,5,1.372116965130e-03,"add(add(add(-0.41058518749939865, -0.40951156130425237), -0.40951156130425237), sub(protected_tanh(mul(neg(yw), protected_tanh(yw))), yw))"
1,9,6,1.372116984581e-03,"add(add(add(-0.41058518749939865, -0.40951156130425237), -0.40951156130425237), sub(protected_tanh(mul(neg(yw), protected_tanh(yw))), yw))"
1,9,7,1.408770052698e-03,"add(add(neg(protected_tanh(yw)), -0.40951156130425237), sub(protected_tanh(-0.41058518749939865), yw))"
1,9,8,1.417772729100e-03,"add(add(-0.41058518749939865, -0.40951156130425237), sub(sub(protected_tanh(yw), yw), yw))"
1,9,9,1.459144551089e-03,"add(add(-0.41058518749939865, -0.40951156130425237), sub(sub(protected_tanh(neg(-0.14978724491000783)), mul(0.43312382520432013, yw)), yw))"
1,10,0,1.372116886419e-03,"add(add(-0.41058518749939865, -0.40951156130425237), sub(sub(protected_tanh(yw), sub(0.48321706674199083, -0.10220268693512724)), yw))"
1,10,1,1.372116886462e-03,"add(add(add(-0.41058518749939865, -0.40951156130425237), -0.40951156130425237), sub(protected_tanh(mul(neg(yw), protected_tanh(yw))), yw))"
1,10,2,1.372116886791e-03,"add(add(-0.41058518749939865, -0.40951156130425237), sub(sub(protected_tanh(yw), sub(0.48321706674199083, -0.41058518749939865)), yw))"
1,10,3,1.372116891440e-03,"add(add(add(-0.41058518749939865, -0.40951156130425237), -0.40951156130425237), sub(protected_tanh(mul(neg(yw), protected_tanh(yw))), yw))"
1,10,4,1.372116915551e-03,"add(add(-0.41058518749939865, -0.40951156130425237), sub(-0.4802586126019154, yw))"
1,10,5,1.372116916951e-03,"add(add(-0.41058518749939865, -0.40951156130425237), sub(sub(protected_tanh(yw), sub(0.48321706674199083, -0.10220268693512724)), yw))"
1,10,6,1.372116917854e-03,"add(add(add(-0.41058518749939865, -0.40951156130425237), -0.40951156130425237), -0.05018608735580543)"
1,10,7,1.372116965130e-03,"add(add(add(-0.41058518749939865, protected_tanh(-0.2880929823838405)), -0.40951156130425237), sub(protected_tanh(mul(neg(yw), protected_tanh(yw))), yw))"
1,10,8,1.372116984581e-03,"add(add(add(-0.41058518749939865, -0.40951156130425237), -0.40951156130425237), sub(protected_tanh(mul(neg(yw), protected_tanh(yw))), yw))"
1,10,9,1.485423755050e-03,"add(add(-0.10220268693512724, -0.40951156130425237), sub(sub(protected_tanh(yw), sub(yw, -0.10220268693512724)), yw))"
1,11,0,1.372116886419e-03,"add(add(-0.41058518749939865, -0.40951156130425237), sub(sub(protected_tanh(yw), sub(0.48321706674199083, -0.10220268693512724)), yw))"
1,11,1,1.372116886791e-03,"add(add(add(-0.41058518749939865, -0.40951156130425237), -0.40951156130425237), sub(protected_tanh(mul(neg(yw), protected_tanh(yw))), yw))"
1,11,2,1.372116891440e-03,"add(add(add(-0.41058518749939865, -0.40951156130425237), -0.40951156130425237), sub(protected_tanh(mul(add(-0.41058518749939865, -0.40951156130425237), protected_tanh(yw))), yw))"
1,11,3,1.372116892512e-03,"add(add(-0.41058518749939865, -0.40951156130425237), sub(sub(protected_tanh(yw), sub(0.48321706674199083, -0.41058518749939865)), yw))"
1,11,4,1.372116915551e-03,"add(add(add(-0.41058518749939865, -0.40951156130425237), -0.40951156130425237), sub(protected_tanh(mul(neg(yw), protected_tanh(yw))), yw))"
1,11,5,1.372116917854e-03,"add(add(add(-0.41058518749939865, -0.40951156130425237), -0.40951156130425237), sub(protected_tanh(mul(neg(yw), protected_tanh(yw))), yw))"
1,11,6,1.392417102022e-03,"add(neg(yw), sub(sub(protected_tanh(yw), sub(0.48321706674199083, -0.41058518749939865)), yw))"
1,11,7,1.403174054499e-03,"add(sub(protected_tanh(yw), sub(0.48321706674199083, -0.10220268693512724)), sub(sub(protected_tanh(yw), sub(0.48321706674199083, -0.10220268693512724)), yw))"
1,11,8,1.437293651567e-03,"add(add(-0.41058518749939865, 0.1375130126648525), sub(sub(protected_tanh(yw), sub(0.48321706674199083, -0.10220268693512724)), yw))"
1,11,9,1.458819962398e-03,"add(add(-0.41058518749939865, -0.40951156130425237), sub(yw, yw))"
1,12,0,1.372097763923e-03,"add(add(neg(yw), -0.40951156130425237), sub(sub(protected_tanh(yw), sub(0.48321706674199083, -0.10220268693512724)), yw))"
1,12,1,1.372116886419e-03,"add(add(-0.41058518749939865, -0.40951156130425237), sub(sub(protected_tanh(yw), sub(0.48321706674199083, -0.10220268693512724)), yw))"
1,12,2,1.372116886791e-03,"add(add(-0.41058518749939865, -0.40951156130425237), sub(sub(yw, sub(0.48321706674199083, -0.10220268693512724)), yw))"
1,12,3,1.372116891440e-03,"add(add(-0.41058518749939865, -0.40951156130425237), sub(sub(protected_tanh(yw), sub(0.48321706674199083, -0.41058518749939865)), yw))"
1,12,4,1.372116892512e-03,"add(add(add(-0.41058518749939865, -0.40951156130425237), -0.40951156130425237), sub(protected_tanh(mul(neg(yw), protected_tanh(yw))), yw))"
1,12,5,1.372116915551e-03,"add(add(add(-0.41058518749939865, -0.40951156130425237), -0.40951156130425237), sub(protected_tanh(mul(neg(yw), protected_tanh(yw))), yw))"
1,12,6,1.372116917854e-03,"add(add(add(-0.41058518749939865, -0.40951156130425237), -0.40951156130425237), sub(protected_tanh(mul(neg(yw), protected_tanh(yw))), yw))"
1,12,7,1.421040473645e-03,"add(add(add(-0.41058518749939865, -0.40951156130425237), yw), sub(protected_tanh(mul(add(-0.41058518749939865, -0.40951156130425237), protected_tanh(yw))), yw))"
1,12,8,1.616539675066e-03,"add(add(neg(yw), -0.40951156130425237), sub(protected_tanh(0.48321706674199083), yw))"
1,12,9,1.710652236624e-03,"add(add(-0.41058518749939865, -0.40951156130425237), sub(sub(protected_tanh(yw), add(-0.46580667898286165, -0.44183743944312504)), yw))"
1,13,0,1.372097772310e-03,"add(add(neg(yw), -0.40951156130425237), sub(sub(protected_tanh(yw), sub(0.48321706674199083, -0.10220268693512724)), yw))"
1,13,1,1.372116892512e-03,"add(add(-0.41058518749939865, -0.40951156130425237), sub(sub(protected_tanh(add(yw, 0.21465781410737028)), sub(0.48321706674199083, -0.41058518749939865)), yw))"
1,13,2,1.372116895074e-03,"add(add(add(-0.41058518749939865, -0.40951156130425237), -0.40951156130425237), sub(protected_tanh(mul(neg(yw), mul(yw, 0.47941158175179566))), yw))"
1,13,3,1.372116915551e-03,"add(add(-0.41058518749939865, -0.40951156130425237), sub(sub(protected_tanh(yw), sub(0.48321706674199083, -0.10220268693512724)), yw))"
1,13,4,1.372116917854e-03,"add(add(-0.41058518749939865, -0.40951156130425237), sub(add(-0.41058518749939865, -0.40951156130425237), yw))"
1,13,5,1.372116989286e-03,"add(add(-0.41058518749939865, -0.40951156130425237), sub(sub(protected_tanh(mul(sub(-0.13842223591652314, -0.0974253914699833), neg(0.03212839743153817))), sub(0.48321706674199083, -0.10220268693512724)), yw))"
1,13,6,1.374011830944e-03,"add(add(sub(yw, yw), -0.40951156130425237), sub(sub(protected_tanh(yw), sub(0.48321706674199083, -0.10220268693512724)), yw))"
1,13,7,1.378261142658e-03,"add(sub(yw, sub(0.48321706674199083, -0.10220268693512724)), sub(sub(protected_tanh(yw), sub(protected_tanh(protected_tanh(yw)), -0.41058518749939865)), yw))"
1,13,8,1.382888227653e-03,"add(add(-0.41058518749939865, -0.40951156130425237), sub(neg(add(yw, yw)), yw))"
1,13,9,1.490813933712e-03,"add(protected_tanh(protected_tanh(yw)), sub(sub(protected_tanh(yw), sub(0.48321706674199083, -0.41058518749939865)), yw))"
1,14,0,1.372097772310e-03,"add(add(neg(yw), -0.40951156130425237), sub(sub(protected_tanh(yw), sub(0.48321706674199083, -0.10220268693512724)), yw))"
1,14,1,1.372116886373e-03,"add(add(-0.41058518749939865, -0.40951156130425237), sub(sub(protected_tanh(mul(sub(-0.13842223591652314, -0.0974253914699833), neg(0.03212839743153817))), sub(0.48321706674199083, -0.10220268693512724)), yw))"
1,14,2,1.372116886477e-03,"add(add(-0.41058518749939865, -0.40951156130425237), sub(sub(protected_tanh(add(yw, 0.21465781410737028)), sub(0.48321706674199083, -0.41058518749939865)), yw))"
1,14,3,1.372116886646e-03,"add(add(add(-0.41058518749939865, -0.40951156130425237), -0.40951156130425237), add(sub(yw, yw), -0.40951156130425237))"
1,14,4,1.372116915551e-03,"add(add(-0.41058518749939865, -0.40951156130425237), sub(sub(protected_tanh(add(yw, 0.21465781410737028)), sub(0.48321706674199083, -0.41058518749939865)), yw))"
1,14,5,1.372116989286e-03,"add(add(-0.41058518749939865, -0.40951156130425237), sub(add(-0.41058518749939865, -0.40951156130425237), protected_tanh(protected_tanh(0.02562721380171673))))"
1,14,6,1.382199224693e-03,"add(add(-0.41058518749939865, -0.40951156130425237), sub(sub(protected_tanh(yw), sub(yw, -0.10220268693512724)), yw))"
1,14,7,1.458819962398e-03,"add(add(-0.41058518749939865, -0.40951156130425237), sub(yw, yw))"
1,14,8,1.487578311031e-03,"add(add(neg(yw), -0.40951156130425237), sub(sub(protected_tanh(0.48321706674199083), sub(0.48321706674199083, -0.10220268693512724)), yw))"
1,14,9,1.492286037028e-03,"add(sub(protected_tanh(mul(neg(yw), mul(yw, 0.47941158175179566))), yw), sub(sub(protected_tanh(yw), sub(0.48321706674199083, -0.10220268693512724)), yw))"
1,15,0,1.372097772310e-03,"add(add(neg(yw), -0.40951156130425237), sub(sub(protected_tanh(yw), sub(0.48321706674199083, -0.10220268693512724)), yw))"
1,15,1,1.372097772310e-03,"add(add(neg(yw), -0.40951156130425237), sub(sub(protected_tanh(yw), sub(0.48321706674199083, -0.10220268693512724)), yw))"
1,15,2,1.372099041913e-03,"add(add(neg(yw), -0.40951156130425237), sub(sub(sub(protected_tanh(yw), sub(0.48321706674199083, -0.10220268693512724)), yw), yw))"
1,15,3,1.372116886556e-03,"add(add(-0.41058518749939865, -0.40951156130425237), sub(sub(protected_tanh(add(yw, 0.21465781410737028)), sub(0.48321706674199083, -0.41058518749939865)), yw))"
1,15,4,1.372116886646e-03,"add(add(-0.41058518749939865, -0.40951156130425237), sub(sub(protected_tanh(add(yw, 0.21465781410737028)), sub(0.48321706674199083, -0.41058518749939865)), yw))"
1,15,5,1.372116887525e-03,"add(add(-0.41058518749939865, -0.40951156130425237), sub(sub(protected_tanh(mul(sub(-0.13842223591652314, -0.0974253914699833), neg(0.03212839743153817))), sub(0.48321706674199083, -0.10220268693512724)), yw))"
1,15,6,1.372116887556e-03,"add(add(-0.41058518749939865, -0.40951156130425237), sub(sub(protected_tanh(mul(sub(-0.13842223591652314, -0.0974253914699833), neg(0.03212839743153817))), sub(0.48321706674199083, -0.10220268693512724)), yw))"
1,15,7,1.372116909172e-03,"add(add(add(-0.41058518749939865, -0.40951156130425237), -0.40951156130425237), add(neg(yw), -0.40951156130425237))"
1,15,8,1.372116915551e-03,"add(add(-0.41058518749939865, -0.40951156130425237), sub(sub(protected_tanh(mul(sub(-0.13842223591652314, -0.0974253914699833), neg(0.03212839743153817))), sub(0.48321706674199083, -0.10220268693512724)), yw))"
1,15,9,1.464026315637e-03,"add(add(mul(neg(0.43905444826027995), mul(0.19132054055985126, -0.16409658806772764)), -0.40951156130425237), sub(protected_tanh(yw), sub(0.48321706674199083, -0.10220268693512724)))"
1,16,0,1.372097763893e-03,"add(add(neg(yw), -0.40951156130425237), sub(sub(protected_tanh(yw), sub(0.48321706674199083, -0.10220268693512724)), yw))"
1,16,1,1.372097772300e-03,"add(add(neg(yw), -0.40951156130425237), sub(sub(protected_tanh(yw), sub(0.48321706674199083, -0.10220268693512724)), yw))"
1,16,2,1.372097772310e-03,"add(add(neg(yw), -0.40951156130425237), sub(sub(protected_tanh(yw), sub(0.48321706674199083, -0.10220268693512724)), yw))"
1,16,3,1.372097772316e-03,"add(add(neg(yw), -0.40951156130425237), sub(sub(protected_tanh(yw), sub(0.48321706674199083, -0.10220268693512724)), yw))"
1,16,4,1.372116887556e-03,"add(add(neg(yw), -0.40951156130425237), sub(sub(sub(protected_tanh(yw), sub(0.48321706674199083, -0.10220268693512724)), add(yw, 0.11363597888789623)), yw))"
1,16,5,1.372116893930e-03,"add(add(-0.41058518749939865, -0.40951156130425237), sub(sub(protected_tanh(add(yw, 0.21465781410737028)), sub(0.48321706674199083, -0.41058518749939865)), yw))"
1,16,6,1.372116895074e-03,"add(add(-0.41058518749939865, -0.40951156130425237), sub(sub(protected_tanh(mul(sub(-0.13842223591652314, -0.0974253914699833), neg(0.03212839743153817))), sub(0.48321706674199083, -0.10220268693512724)), yw))"
1,16,7,1.461993166547e-03,"add(add(neg(yw), -0.10220268693512724), sub(sub(protected_tanh(yw), sub(0.48321706674199083, -0.10220268693512724)), yw))"
1,16,8,1.469366027445e-03,"add(add(neg(yw), -0.40951156130425237), sub(sub(protected_tanh(0.40507836187692503), sub(0.48321706674199083, -0.10220268693512724)), yw))"
1,16,9,1.508272485959e-03,"add(add(neg(yw), protected_tanh(0.3689309693312387)), sub(sub(protected_tanh(yw), sub(0.48321706674199083, -0.40951156130425237)), yw))"
1,17,0,1.372097772300e-03,"add(add(neg(yw), -0.40951156130425237), sub(sub(protected_tanh(yw), sub(0.48321706674199083, -0.10220268693512724)), yw))"
1,17,1,1.372097772310e-03,"add(add(neg(yw), -0.40951156130425237), sub(sub(protected_tanh(yw), sub(0.48321706674199083, -0.10220268693512724)), yw))"
1,17,2,1.372097772310e-03,"add(add(neg(yw), -0.40951156130425237), sub(sub(protected_tanh(yw), sub(0.48321706674199083, -0.10220268693512724)), yw))"
1,17,3,1.372097793761e-03,"add(add(neg(yw), -0.40951156130425237), sub(sub(protected_tanh(yw), sub(0.48321706674199083, -0.10220268693512724)), yw))"
1,17,4,1.372116887814e-03,"add(add(-0.41058518749939865, -0.40951156130425237), sub(sub(protected_tanh(add(yw, sub(-0.32384120221635593, yw))), sub(0.48321706674199083, -0.41058518749939865)), yw))"
1,17,5,1.372116895074e-03,"add(add(neg(yw), -0.40951156130425237), sub(sub(protected_tanh(yw), sub(0.48321706674199083, -0.10220268693512724)), 0.12254766742684453))"
1,17,6,1.386853274053e-03,"add(add(0.028481496051753763, -0.40951156130425237), sub(sub(protected_tanh(yw), sub(0.48321706674199083, -0.10220268693512724)), yw))"
1,17,7,1.549293224588e-03,"add(add(neg(yw), -0.10220268693512724), sub(sub(protected_tanh(yw), sub(add(protected_tanh(yw), add(yw, yw)), -0.10220268693512724)), yw))"
1,17,8,1.678232343132e-03,"add(add(neg(yw), -0.10220268693512724), yw)"
1,17,9,1.737460853267e-03,"yw"
1,18,0,1.372097772300e-03,"add(add(neg(yw), -0.40951156130425237), sub(sub(protected_tanh(yw), sub(0.48321706674199083, -0.10220268693512724)), yw))"
1,18,1,1.372097772310e-03,"add(add(neg(yw), -0.40951156130425237), sub(sub(protected_tanh(yw), sub(0.48321706674199083, -0.10220268693512724)), yw))"
1,18,2,1.372097772310e-03,"add(add(neg(yw), -0.40951156130425237), sub(sub(protected_tanh(yw), sub(0.48321706674199083, -0.10220268693512724)), yw))"
1,18,3,1.458069955719e-03,"add(add(neg(yw), -0.40951156130425237), sub(sub(protected_tanh(yw), sub(0.48321706674199083, -0.10220268693512724)), neg(yw)))"
1,18,4,1.503085641294e-03,"add(add(neg(yw), -0.40951156130425237), sub(sub(protected_tanh(yw), sub(protected_tanh(protected_tanh(0.06443997784496158)), -0.10220268693512724)), 0.12254766742684453))"
1,18,5,1.546732744466e-03,"add(add(neg(yw), -0.40951156130425237), sub(sub(protected_tanh(yw), sub(-0.10220268693512724, -0.10220268693512724)), yw))"
1,18,6,1.634270490482e-03,"add(add(yw, -0.40951156130425237), sub(sub(protected_tanh(yw), sub(0.48321706674199083, -0.10220268693512724)), sub(add(-0.22636681044129403, 0.4589513983478465), add(0.42333226504596166, yw))))"
1,18,7,1.683658327077e-03,"add(add(neg(yw), -0.40951156130425237), sub(0.48321706674199083, -0.10220268693512724))"
1,18,8,1.683658327154e-03,"add(add(neg(yw), -0.40951156130425237), sub(sub(protected_tanh(yw), sub(sub(protected_tanh(yw), sub(0.48321706674199083, -0.10220268693512724)), yw)), yw))"
1,18,9,1.737460853267e-03,"yw"
1,19,0,1.372097772300e-03,"add(add(neg(yw), -0.40951156130425237), sub(sub(protected_tanh(yw), sub(0.48321706674199083, -0.10220268693512724)), yw))"
1,19,1,1.372097772310e-03,"add(add(neg(yw), -0.40951156130425237), sub(sub(protected_tanh(yw), sub(0.48321706674199083, -0.10220268693512724)), yw))"
1,19,2,1.372116895074e-03,"add(add(neg(yw), -0.40951156130425237), sub(sub(protected_tanh(sub(protected_tanh(yw), sub(0.48321706674199083, -0.10220268693512724))), sub(0.48321706674199083, -0.10220268693512724)), yw))"
1,19,3,1.407648060519e-03,"add(add(yw, -0.40951156130425237), sub(sub(protected_tanh(add(yw, -0.20470757285595464)), sub(0.48321706674199083, -0.10220268693512724)), yw))"
1,19,4,1.458068625221e-03,"add(add(neg(neg(yw)), -0.40951156130425237), sub(sub(protected_tanh(yw), sub(0.48321706674199083, -0.10220268693512724)), yw))"
1,19,5,1.458068626057e-03,"add(add(neg(neg(yw)), -0.40951156130425237), sub(sub(protected_tanh(yw), sub(0.48321706674199083, -0.10220268693512724)), yw))"
1,19,6,1.503085639600e-03,"add(add(neg(yw), -0.40951156130425237), sub(sub(protected_tanh(yw), sub(protected_tanh(protected_tanh(0.06443997784496158)), -0.10220268693512724)), 0.12254766742684453))"
1,19,7,1.548309153117e-03,"add(add(neg(yw), -0.40951156130425237), sub(yw, yw))"
1,19,8,1.634270490482e-03,"add(add(yw, -0.40951156130425237), sub(sub(protected_tanh(yw), sub(0.48321706674199083, -0.10220268693512724)), sub(add(-0.22636681044129403, 0.4589513983478465), add(0.42333226504596166, yw))))"
1,19,9,1.749144374380e-03,"add(add(yw, -0.40951156130425237), sub(0.48321706674199083, sub(neg(yw), neg(yw))))"
