seed,gen,rank,fitness,cases,expr
1,0,0,3.159505854488e-01,"RE12819_CG1;RE12819_CG2","neg(yw)"
1,0,1,3.206293094264e-01,"RE12819_CG1;RE12819_CG2","sub(neg(0.1647435216084674), mul(yw, 0.16375780484398073))"
1,0,2,3.254576103477e-01,"RE12819_CG1;RE12819_CG2","protected_tanh(-0.12947733335425327)"
1,0,3,3.275130960227e-01,"RE12819_CG1;RE12819_CG2","mul(0.3955753946414917, protected_tanh(neg(yw)))"
1,0,4,3.278502932297e-01,"RE12819_CG1;RE12819_CG2","protected_tanh(neg(0.08900225798255168))"
1,0,5,3.330076860136e-01,"RE12819_CG1;RE12819_CG2","add(yw, neg(yw))"
1,0,6,3.396463026635e-01,"RE12819_CG1;RE12819_CG2","add(protected_tanh(sub(0.43916701894858656, yw)), mul(sub(yw, 0.4522444552911937), add(0.33757797566257286, yw)))"
1,0,7,3.447303844128e-01,"RE12819_CG1;RE12819_CG2","protected_tanh(yw)"
1,0,8,3.526850843576e-01,"RE12819_CG1;RE12819_CG2","add(protected_tanh(0.14715616531930265), yw)"
1,0,9,3.726436352409e-01,"RE12819_CG1;RE12819_CG2","add(0.2609624449125756, neg(add(-0.4716525234779937, -0.06723293209494663)))"
1,1,0,5.396598178727e-01,"RE12819_CG3;RE12819_CG2","add(-0.12947733335425327, neg(yw))"
1,1,1,5.478937525273e-01,"RE12819_CG3;RE12819_CG2","sub(neg(yw), mul(yw, 0.16375780484398073))"
1,1,2,5.580705223234e-01,"RE12819_CG3;RE12819_CG2","neg(yw)"
1,1,3,5.845544734649e-01,"RE12819_CG3;RE12819_CG2","sub(neg(0.1647435216084674), mul(yw, 0.16375780484398073))"
1,1,4,6.027505094946e-01,"RE12819_CG3;RE12819_CG2","protected_tanh(protected_tanh(sub(0.3170396683778869, yw)))"
1,1,5,6.255774708315e-01,"RE12819_CG3;RE12819_CG2","mul(0.3955753946414917, yw)"
1,1,6,6.433187365933e-01,"RE12819_CG3;RE12819_CG2","protected_tanh(yw)"
1,1,7,6.455546289386e-01,"RE12819_CG3;RE12819_CG2","add(mul(mul(0.20262555272878524, -0.026228985829721108), add(-0.11344289523853013, 0.29620301118522363)), yw)"
1,1,8,6.456359803496e-01,"RE12819_CG3;RE12819_CG2","yw"
1,1,9,6.699262289350e-01,"RE12819_CG3;RE12819_CG2","neg(sub(protected_tanh(-0.27680421975332925), add(0.1749025775182691, 0.1598238917510797)))"
1,2,0,5.344145001052e-01,"RE12819_CG2;RE12819_CG3","sub(neg(yw), mul(yw, yw))"
1,2,1,5.396599993833e-01,"RE12819_CG2;RE12819_CG3","add(-0.12947733335425327, neg(yw))"
1,2,2,5.396600037085e-01,"RE12819_CG2;RE12819_CG3","add(-0.12947733335425327, neg(yw))"
1,2,3,5.478937644373e-01,"RE12819_CG2;RE12819_CG3","sub(neg(yw), mul(yw, 0.16375780484398073))"
1,2,4,5.659534477179e-01,"RE12819_CG2;RE12819_CG3","add(-0.12947733335425327, -0.2648104886157825)"
1,2,5,5.846691792477e-01,"RE12819_CG2;RE12819_CG3","sub(neg(0.16375780484398073), mul(yw, 0.16375780484398073))"
1,2,6,6.119507265440e-01,"RE12819_CG2;RE12819_CG3","mul(mul(yw, 0.16375780484398073), 0.2591161827164402)"
1,2,7,6.255774703103e-01,"RE12819_CG2;RE12819_CG3","mul(0.3955753946414917, yw)"
1,2,8,6.433185434735e-01,"RE12819_CG2;RE12819_CG3","protected_tanh(yw)"
1,2,9,6.456356454168e-01,"RE12819_CG2;RE12819_CG3","yw"
1,3,0,8.353884131552e-01,"RE12819_CG4","sub(neg(yw), mul(yw, yw))"
1,3,1,8.353884131552e-01,"RE12819_CG4","sub(neg(yw), mul(yw, yw))"
1,3,2,8.627672694083e-01,"RE12819_CG4","add(-0.12947733335425327, neg(yw))"
1,3,3,8.627672694083e-01,"RE12819_CG4","add(-0.12947733335425327, neg(yw))"
1,3,4,8.627672694083e-01,"RE12819_CG4","add(-0.12947733335425327, neg(yw))"
1,3,5,8.731887489251e-01,"RE12819_CG4","add(mul(add(yw, yw), mul(-0.05015546536990223, -0.1014448399620892)), neg(yw))"
1,3,6,9.383134520136e-01,"RE12819_CG4","sub(neg(neg(add(-0.28480672996390155, 0.16183442887534927))), mul(yw, 0.16375780484398073))"
1,3,7,9.446589275621e-01,"RE12819_CG4","sub(neg(-0.31318714978743245), mul(yw, 0.16375780484398073))"
1,3,8,9.513111941816e-01,"RE12819_CG4","add(0.440734522249, -0.2648104886157825)"
1,3,9,9.542380166328e-01,"RE12819_CG4","add(sub(yw, -0.4186312346162122), neg(yw))"
1,4,0,5.316909429488e-01,"RE12819_CG3;RE12819_CG2","add(neg(mul(0.47235376869451384, yw)), neg(yw))"
1,4,1,5.344145372528e-01,"RE12819_CG3;RE12819_CG2","sub(neg(yw), mul(yw, yw))"
1,4,2,5.344145377412e-01,"RE12819_CG3;RE12819_CG2","sub(neg(yw), mul(yw, yw))"
1,4,3,5.396599993833e-01,"RE12819_CG3;RE12819_CG2","add(-0.12947733335425327, neg(yw))"
1,4,4,5.506848177384e-01,"RE12819_CG3;RE12819_CG2","sub(neg(yw), mul(yw, sub(mul(yw, 0.30825262837239653), protected_tanh(0.04137765198498067))))"
1,4,5,5.663508054176e-01,"RE12819_CG3;RE12819_CG2","sub(neg(yw), mul(yw, -0.12947733335425327))"
1,4,6,6.053126091569e-01,"RE12819_CG3;RE12819_CG2","sub(mul(protected_tanh(0.430107881773361), sub(yw, -0.004927749283989091)), mul(yw, yw))"
1,4,7,6.222473185751e-01,"RE12819_CG3;RE12819_CG2","sub(neg(yw), sub(-0.014216892239388157, 0.4763120008304985))"
1,4,8,6.282041940333e-01,"RE12819_CG3;RE12819_CG2","add(yw, sub(protected_tanh(yw), sub(0.48321706674199083, -0.10220268693512724)))"
1,4,9,6.370860883080e-01,"RE12819_CG3;RE12819_CG2","add(-0.12947733335425327, protected_tanh(sub(yw, -0.06736199902376305)))"
1,5,0,5.316909405059e-01,"RE12819_CG3;RE12819_CG2","add(neg(mul(0.47235376869451384, yw)), neg(yw))"
1,5,1,5.316909426389e-01,"RE12819_CG3;RE12819_CG2","add(neg(mul(0.47235376869451384, yw)), neg(yw))"
1,5,2,5.344145372528e-01,"RE12819_CG3;RE12819_CG2","sub(neg(yw), mul(yw, yw))"
1,5,3,5.646767333899e-01,"RE12819_CG3;RE12819_CG2","sub(neg(yw), sub(0.430107881773361, 0.4763120008304985))"
1,5,4,5.699514592471e-01,"RE12819_CG3;RE12819_CG2","sub(neg(yw), mul(-0.18886434595481993, yw))"
1,5,5,5.760263984360e-01,"RE12819_CG3;RE12819_CG2","sub(neg(yw), mul(-0.29339418431481534, yw))"
1,5,6,5.831138262458e-01,"RE12819_CG3;RE12819_CG2","sub(mul(protected_tanh(-0.014216892239388157), sub(yw, -0.004927749283989091)), mul(yw, yw))"
1,5,7,6.081930569361e-01,"RE12819_CG3;RE12819_CG2","sub(mul(0.47235376869451384, yw), mul(yw, yw))"
1,5,8,6.101960997826e-01,"RE12819_CG3;RE12819_CG2","add(neg(neg(yw)), neg(yw))"
1,5,9,6.198469826266e-01,"RE12819_CG3;RE12819_CG2","add(-0.12947733335425327, neg(-0.2223275657876107))"
1,6,0,3.078460901232e-01,"RE12819_CG2;RE12819_CG1","add(neg(mul(0.47235376869451384, yw)), neg(yw))"
1,6,1,3.078461058474e-01,"RE12819_CG2;RE12819_CG1","add(neg(mul(0.47235376869451384, yw)), neg(yw))"
1,6,2,3.087340405875e-01,"RE12819_CG2;RE12819_CG1","sub(neg(yw), mul(yw, yw))"
1,6,3,3.189486320911e-01,"RE12819_CG2;RE12819_CG1","sub(neg(yw), sub(0.430107881773361, 0.4763120008304985))"
1,6,4,3.189486678838e-01,"RE12819_CG2;RE12819_CG1","sub(neg(yw), sub(0.430107881773361, 0.4763120008304985))"
1,6,5,3.196370330575e-01,"RE12819_CG2;RE12819_CG1","sub(neg(yw), mul(-0.18886434595481993, yw))"
1,6,6,3.196370355517e-01,"RE12819_CG2;RE12819_CG1","sub(neg(yw), mul(-0.18886434595481993, yw))"
1,6,7,3.333335795069e-01,"RE12819_CG2;RE12819_CG1","add(neg(mul(0.47235376869451384, yw)), 0.12967535868865487)"
1,6,8,3.437582395834e-01,"RE12819_CG2;RE12819_CG1","sub(mul(protected_tanh(-0.014216892239388157), sub(yw, -0.004927749283989091)), protected_tanh(neg(0.20289190240437405)))"
1,6,9,3.471965153220e-01,"RE12819_CG2;RE12819_CG1","add(neg(mul(0.47235376869451384, yw)), sub(mul(yw, 0.07934619803629417), neg(0.36124530897755047)))"
1,7,0,5.316908518196e-01,"RE12819_CG2;RE12819_CG3","add(neg(mul(0.47235376869451384, yw)), neg(yw))"
1,7,1,5.316908636646e-01,"RE12819_CG2;RE12819_CG3","add(neg(mul(0.47235376869451384, yw)), neg(yw))"
1,7,2,5.316909426389e-01,"RE12819_CG2;RE12819_CG3","add(neg(mul(0.47235376869451384, yw)), neg(yw))"
1,7,3,5.316909426389e-01,"RE12819_CG2;RE12819_CG3","add(neg(mul(0.47235376869451384, yw)), neg(yw))"
1,7,4,5.368076001557e-01,"RE12819_CG2;RE12819_CG3","sub(neg(protected_tanh(yw)), mul(yw, yw))"
1,7,5,5.725625157275e-01,"RE12819_CG2;RE12819_CG3","add(neg(mul(0.47235376869451384, yw)), neg(0.12967535868865487))"
1,7,6,6.050569063943e-01,"RE12819_CG2;RE12819_CG3","add(neg(mul(0.47235376869451384, sub(add(-0.18347084575893258, 0.43312382520432013), sub(-0.31009913181856774, yw)))), yw)"
1,7,7,6.075600255552e-01,"RE12819_CG2;RE12819_CG3","sub(neg(mul(0.25137631148663164, yw)), mul(-0.18886434595481993, yw))"
1,7,8,6.079002695484e-01,"RE12819_CG2;RE12819_CG3","add(neg(mul(0.47235376869451384, neg(yw))), neg(protected_tanh(0.21605229543386817)))"
1,7,9,6.302762527672e-01,"RE12819_CG2;RE12819_CG3","add(neg(mul(0.47235376869451384, yw)), yw)"
1,8,0,4.965331673013e-01,"RE12819_CG1;RE12819_CG3","add(neg(mul(0.47235376869451384, yw)), neg(yw))"
1,8,1,4.965332239567e-01,"RE12819_CG1;RE12819_CG3","add(neg(mul(0.47235376869451384, yw)), neg(yw))"
1,8,2,4.965332311525e-01,"RE12819_CG1;RE12819_CG3","add(neg(mul(0.47235376869451384, yw)), neg(yw))"
1,8,3,4.965332396809e-01,"RE12819_CG1;RE12819_CG3","add(neg(mul(0.47235376869451384, yw)), neg(yw))"
1,8,4,5.184701275274e-01,"RE12819_CG1;RE12819_CG3","add(sub(yw, yw), neg(yw))"
1,8,5,5.397687513307e-01,"RE12819_CG1;RE12819_CG3","add(protected_tanh(add(-0.24583133958295844, yw)), neg(yw))"
1,8,6,5.603978558824e-01,"RE12819_CG1;RE12819_CG3","add(neg(mul(0.47235376869451384, yw)), 0.18677137655867626)"
1,8,7,5.762779013076e-01,"RE12819_CG1;RE12819_CG3","add(neg(mul(sub(-0.31009913181856774, yw), yw)), neg(0.12967535868865487))"
1,8,8,5.768057276999e-01,"RE12819_CG1;RE12819_CG3","sub(neg(-0.4089622930429062), mul(yw, yw))"
1,8,9,5.784399140823e-01,"RE12819_CG1;RE12819_CG3","add(neg(mul(0.47235376869451384, yw)), yw)"
1,9,0,3.078460901232e-01,"RE12819_CG2;RE12819_CG1","add(neg(mul(0.47235376869451384, yw)), neg(yw))"
1,9,1,3.078461058474e-01,"RE12819_CG2;RE12819_CG1","add(neg(mul(0.47235376869451384, yw)), neg(yw))"
1,9,2,3.078461152630e-01,"RE12819_CG2;RE12819_CG1","add(neg(mul(0.47235376869451384, yw)), neg(yw))"
1,9,3,3.078461590134e-01,"RE12819_CG2;RE12819_CG1","add(neg(mul(0.47235376869451384, yw)), neg(yw))"
1,9,4,3.078462566042e-01,"RE12819_CG2;RE12819_CG1","add(neg(mul(0.47235376869451384, yw)), neg(yw))"
1,9,5,3.086817276500e-01,"RE12819_CG2;RE12819_CG1","add(neg(mul(0.47235376869451384, protected_tanh(protected_tanh(yw)))), neg(yw))"
1,9,6,3.235835429907e-01,"RE12819_CG2;RE12819_CG1","add(neg(mul(-0.405941535347474, yw)), neg(yw))"
1,9,7,3.357121540274e-01,"RE12819_CG2;RE12819_CG1","add(-0.18679330695255247, yw)"
1,9,8,3.460468636799e-01,"RE12819_CG2;RE12819_CG1","add(neg(mul(neg(mul(0.47235376869451384, yw)), yw)), 0.18677137655867626)"
1,9,9,3.747622998583e-01,"RE12819_CG2;RE12819_CG1","add(0.47235376869451384, neg(protected_tanh(-0.3953120698800424)))"
1,10,0,8.267887229801e-01,"RE12819_CG4","add(neg(mul(protected_tanh(add(yw, 0.21465781410737028)), yw)), neg(yw))"
1,10,1,8.314742865968e-01,"RE12819_CG4","add(neg(mul(0.47235376869451384, yw)), neg(yw))"
1,10,2,8.314753098014e-01,"RE12819_CG4","add(neg(mul(0.47235376869451384, yw)), neg(yw))"
1,10,3,8.314753254324e-01,"RE12819_CG4","add(neg(mul(0.47235376869451384, yw)), neg(yw))"
1,10,4,8.314753604086e-01,"RE12819_CG4","add(neg(mul(0.47235376869451384, yw)), neg(yw))"
1,10,5,8.314753604086e-01,"RE12819_CG4","add(neg(mul(0.47235376869451384, yw)), neg(yw))"
1,10,6,8.721406862275e-01,"RE12819_CG4","add(sub(yw, yw), neg(yw))"
1,10,7,9.185790507412e-01,"RE12819_CG4","add(neg(mul(neg(yw), yw)), neg(yw))"
1,10,8,9.195421907501e-01,"RE12819_CG4","add(neg(mul(0.47235376869451384, yw)), neg(-0.03542842270239144))"
1,10,9,9.948402796781e-01,"RE12819_CG4","protected_tanh(protected_tanh(yw))"
1,11,0,2.987727946061e-01,"RE12819_CG1;RE12819_CG2","add(neg(mul(protected_tanh(add(yw, 0.21465781410737028)), yw)), neg(neg(-0.3690563179081876)))"
1,11,1,3.046059903596e-01,"RE12819_CG1;RE12819_CG2","add(sub(mul(yw, 0.23613528655132898), protected_tanh(yw)), neg(yw))"
1,11,2,3.069152017962e-01,"RE12819_CG1;RE12819_CG2","add(neg(mul(protected_tanh(add(yw, 0.21465781410737028)), yw)), neg(yw))"
1,11,3,3.069154740417e-01,"RE12819_CG1;RE12819_CG2","add(neg(mul(protected_tanh(add(yw, 0.21465781410737028)), yw)), neg(yw))"
1,11,4,3.078460901232e-01,"RE12819_CG1;RE12819_CG2","add(neg(mul(0.47235376869451384, yw)), neg(yw))"
1,11,5,3.078461050398e-01,"RE12819_CG1;RE12819_CG2","add(neg(mul(0.47235376869451384, yw)), neg(yw))"
1,11,6,3.214694870109e-01,"RE12819_CG1;RE12819_CG2","add(neg(mul(0.47235376869451384, neg(mul(protected_tanh(add(yw, 0.21465781410737028)), yw)))), neg(yw))"
1,11,7,3.263364704221e-01,"RE12819_CG1;RE12819_CG2","add(neg(mul(0.47235376869451384, yw)), neg(neg(mul(protected_tanh(add(yw, 0.21465781410737028)), protected_tanh(protected_tanh(0.02562721380171673))))))"
1,11,8,3.330075096952e-01,"RE12819_CG1;RE12819_CG2","add(yw, neg(yw))"
1,11,9,3.330076463453e-01,"RE12819_CG1;RE12819_CG2","add(yw, neg(yw))"
1,12,0,4.662151035386e-01,"RE12819_CG1;RE12819_CG3","sub(protected_tanh(-0.15329746121887278), add(0.33490940683816484, yw))"
1,12,1,4.727250605032e-01,"RE12819_CG1;RE12819_CG3","add(sub(mul(neg(neg(-0.3690563179081876)), 0.23613528655132898), protected_tanh(yw)), neg(yw))"
1,12,2,4.852822715103e-01,"RE12819_CG1;RE12819_CG3","add(neg(mul(0.47235376869451384, yw)), neg(add(yw, 0.11363597888789623)))"
1,12,3,4.877636276604e-01,"RE12819_CG1;RE12819_CG3","add(sub(mul(yw, 0.23613528655132898), protected_tanh(yw)), neg(yw))"
1,12,4,4.941082816784e-01,"RE12819_CG1;RE12819_CG3","add(neg(mul(protected_tanh(add(yw, 0.21465781410737028)), yw)), neg(yw))"
1,12,5,4.944896408064e-01,"RE12819_CG1;RE12819_CG3","add(neg(mul(protected_tanh(add(yw, 0.21465781410737028)), protected_tanh(0.40507836187692503))), neg(yw))"
1,12,6,4.965332402940e-01,"RE12819_CG1;RE12819_CG3","add(neg(mul(0.47235376869451384, yw)), neg(yw))"
1,12,7,4.975755583174e-01,"RE12819_CG1;RE12819_CG3","add(neg(mul(protected_tanh(add(yw, 0.21465781410737028)), yw)), neg(neg(-0.3690563179081876)))"
1,12,8,5.102341344765e-01,"RE12819_CG1;RE12819_CG3","add(neg(mul(0.47235376869451384, neg(mul(protected_tanh(add(yw, 0.21465781410737028)), yw)))), neg(add(yw, 0.21465781410737028)))"
1,12,9,5.912041838131e-01,"RE12819_CG1;RE12819_CG3","yw"
1,13,0,7.998263964771e-01,"RE12819_CG4","add(sub(mul(neg(neg(-0.3690563179081876)), 0.23613528655132898), protected_tanh(yw)), neg(yw))"
1,13,1,7.998263965002e-01,"RE12819_CG4","add(sub(mul(neg(neg(-0.3690563179081876)), 0.23613528655132898), protected_tanh(yw)), neg(yw))"
1,13,2,8.014518109140e-01,"RE12819_CG4","add(sub(mul(mul(0.10113898455176729, -0.4768752223129842), 0.23613528655132898), protected_tanh(yw)), neg(yw))"
1,13,3,8.027678462192e-01,"RE12819_CG4","add(sub(0.028481496051753763, protected_tanh(yw)), neg(yw))"
1,13,4,8.490289917595e-01,"RE12819_CG4","sub(protected_tanh(-0.15329746121887278), add(0.33490940683816484, yw))"
1,13,5,8.490294289803e-01,"RE12819_CG4","sub(protected_tanh(-0.15329746121887278), add(0.33490940683816484, yw))"
1,13,6,8.519277325676e-01,"RE12819_CG4","sub(mul(sub(yw, yw), protected_tanh(yw)), add(0.33490940683816484, yw))"
1,13,7,8.649765208077e-01,"RE12819_CG4","add(sub(mul(protected_tanh(-0.01959304265646933), 0.23613528655132898), protected_tanh(yw)), neg(0.23613528655132898))"
1,13,8,8.741755244121e-01,"RE12819_CG4","add(neg(mul(protected_tanh(mul(-0.17235904183807493, yw)), yw)), neg(add(yw, 0.11363597888789623)))"
1,13,9,8.797011281954e-01,"RE12819_CG4","add(neg(mul(-0.15329746121887278, yw)), neg(add(yw, 0.11363597888789623)))"
1,14,0,7.849143542368e-01,"RE12819_CG4","add(sub(mul(neg(neg(-0.3690563179081876)), protected_tanh(yw)), protected_tanh(yw)), neg(yw))"
1,14,1,7.998263439812e-01,"RE12819_CG4","add(sub(mul(neg(neg(-0.3690563179081876)), 0.23613528655132898), protected_tanh(yw)), neg(yw))"
1,14,2,7.998263964771e-01,"RE12819_CG4","add(sub(mul(neg(neg(-0.3690563179081876)), 0.23613528655132898), protected_tanh(yw)), neg(yw))"
1,14,3,7.998264219271e-01,"RE12819_CG4","add(sub(mul(neg(neg(-0.3690563179081876)), 0.23613528655132898), protected_tanh(yw)), neg(yw))"
1,14,4,8.013585484047e-01,"RE12819_CG4","add(sub(mul(neg(neg(-0.3690563179081876)), 0.23613528655132898), protected_tanh(protected_tanh(yw))), neg(yw))"
1,14,5,8.114971537630e-01,"RE12819_CG4","add(sub(mul(mul(protected_tanh(yw), add(yw, yw)), 0.23613528655132898), protected_tanh(yw)), neg(yw))"
1,14,6,8.490294289803e-01,"RE12819_CG4","sub(protected_tanh(-0.15329746121887278), add(0.33490940683816484, yw))"
1,14,7,9.031009367145e-01,"RE12819_CG4","sub(protected_tanh(mul(neg(yw), neg(yw))), add(0.33490940683816484, yw))"
1,14,8,9.501403641518e-01,"RE12819_CG4","add(sub(mul(mul(0.10113898455176729, -0.4768752223129842), 0.23613528655132898), neg(yw)), neg(yw))"
1,14,9,1.000668375507e+00,"RE12819_CG4","add(sub(yw, protected_tanh(yw)), protected_tanh(yw))"
1,15,0,2.818377037678e-01,"RE12819_CG1;RE12819_CG2","sub(sub(mul(neg(neg(-0.3690563179081876)), 0.23613528655132898), protected_tanh(yw)), add(0.33490940683816484, yw))"
1,15,1,2.972985808074e-01,"RE12819_CG1;RE12819_CG2","add(sub(mul(neg(neg(-0.3690563179081876)), 0.23613528655132898), protected_tanh(yw)), neg(yw))"
1,15,2,2.972986415346e-01,"RE12819_CG1;RE12819_CG2","add(sub(mul(neg(neg(-0.3690563179081876)), 0.23613528655132898), protected_tanh(yw)), neg(yw))"
1,15,3,2.972986540819e-01,"RE12819_CG1;RE12819_CG2","add(sub(mul(neg(neg(-0.3690563179081876)), 0.23613528655132898), protected_tanh(yw)), neg(yw))"
1,15,4,2.976045851652e-01,"RE12819_CG1;RE12819_CG2","add(sub(mul(neg(neg(-0.3690563179081876)), 0.23613528655132898), protected_tanh(protected_tanh(yw))), neg(yw))"
1,15,5,2.976046461724e-01,"RE12819_CG1;RE12819_CG2","add(sub(mul(neg(neg(-0.3690563179081876)), 0.23613528655132898), protected_tanh(protected_tanh(yw))), neg(yw))"
1,15,6,2.976046520099e-01,"RE12819_CG1;RE12819_CG2","add(sub(mul(neg(neg(-0.3690563179081876)), 0.23613528655132898), protected_tanh(protected_tanh(yw))), neg(yw))"
1,15,7,2.985953853637e-01,"RE12819_CG1;RE12819_CG2","add(sub(mul(neg(neg(-0.3690563179081876)), protected_tanh(yw)), protected_tanh(yw)), neg(yw))"
1,15,8,3.247130684550e-01,"RE12819_CG1;RE12819_CG2","add(protected_tanh(mul(neg(yw), neg(yw))), neg(yw))"
1,15,9,3.352893643766e-01,"RE12819_CG1;RE12819_CG2","add(sub(mul(neg(neg(-0.3690563179081876)), 0.23613528655132898), sub(protected_tanh(yw), add(0.3719968360562562, yw))), neg(yw))"
1,16,0,4.509203795764e-01,"RE12819_CG3;RE12819_CG1","sub(sub(mul(neg(neg(-0.3690563179081876)), 0.23613528655132898), protected_tanh(yw)), add(0.33490940683816484, yw))"
1,16,1,4.509203812500e-01,"RE12819_CG3;RE12819_CG1","sub(sub(mul(neg(neg(-0.3690563179081876)), 0.23613528655132898), protected_tanh(yw)), add(0.33490940683816484, yw))"
1,16,2,4.509203816368e-01,"RE12819_CG3;RE12819_CG1","sub(sub(mul(neg(neg(-0.3690563179081876)), 0.23613528655132898), protected_tanh(yw)), add(0.33490940683816484, yw))"
1,16,3,4.637009280599e-01,"RE12819_CG3;RE12819_CG1","sub(sub(mul(-0.3690563179081876, 0.23613528655132898), protected_tanh(protected_tanh(mul(yw, yw)))), add(0.33490940683816484, yw))"
1,16,4,4.727250581060e-01,"RE12819_CG3;RE12819_CG1","add(sub(mul(neg(neg(-0.3690563179081876)), 0.23613528655132898), protected_tanh(yw)), neg(yw))"
1,16,5,4.727250613987e-01,"RE12819_CG3;RE12819_CG1","add(sub(mul(neg(neg(neg(neg(-0.3690563179081876)))), 0.23613528655132898), protected_tanh(yw)), neg(yw))"
1,16,6,4.727250752110e-01,"RE12819_CG3;RE12819_CG1","add(sub(mul(neg(neg(-0.3690563179081876)), 0.23613528655132898), protected_tanh(yw)), neg(yw))"
1,16,7,4.770396685244e-01,"RE12819_CG3;RE12819_CG1","add(sub(mul(neg(neg(-0.3690563179081876)), sub(protected_tanh(0.49165026847514515), protected_tanh(yw))), protected_tanh(protected_tanh(yw))), neg(yw))"
1,16,8,4.813010226276e-01,"RE12819_CG3;RE12819_CG1","sub(sub(protected_tanh(yw), protected_tanh(yw)), add(0.33490940683816484, yw))"
1,16,9,5.184701624909e-01,"RE12819_CG3;RE12819_CG1","add(sub(mul(neg(neg(-0.3690563179081876)), 0.23613528655132898), mul(neg(neg(-0.3690563179081876)), 0.23613528655132898)), neg(yw))"
1,17,0,4.780153918328e-01,"RE12819_CG2;RE12819_CG3","sub(sub(mul(neg(neg(-0.3690563179081876)), 0.23613528655132898), protected_tanh(yw)), add(0.33490940683816484, yw))"
1,17,1,4.780155847034e-01,"RE12819_CG2;RE12819_CG3","sub(sub(mul(neg(neg(-0.3690563179081876)), 0.23613528655132898), protected_tanh(yw)), add(0.33490940683816484, yw))"
1,17,2,4.780155893027e-01,"RE12819_CG2;RE12819_CG3","sub(sub(mul(neg(neg(-0.3690563179081876)), 0.23613528655132898), protected_tanh(yw)), add(0.33490940683816484, yw))"
1,17,3,4.780155925912e-01,"RE12819_CG2;RE12819_CG3","sub(sub(mul(neg(neg(-0.3690563179081876)), 0.23613528655132898), protected_tanh(yw)), add(0.33490940683816484, yw))"
1,17,4,4.780155929220e-01,"RE12819_CG2;RE12819_CG3","sub(sub(mul(neg(neg(-0.3690563179081876)), 0.23613528655132898), protected_tanh(yw)), add(0.33490940683816484, yw))"
1,17,5,4.780155946271e-01,"RE12819_CG2;RE12819_CG3","sub(sub(mul(neg(neg(-0.3690563179081876)), 0.23613528655132898), protected_tanh(yw)), add(0.33490940683816484, yw))"
1,17,6,4.820559256175e-01,"RE12819_CG2;RE12819_CG3","sub(sub(mul(-0.15064635586543096, 0.06546858301580993), protected_tanh(yw)), add(0.33490940683816484, yw))"
1,17,7,4.862292784611e-01,"RE12819_CG2;RE12819_CG3","sub(sub(mul(neg(sub(0.0668743199071905, yw)), 0.23613528655132898), protected_tanh(yw)), add(0.33490940683816484, yw))"
1,17,8,5.029572408328e-01,"RE12819_CG2;RE12819_CG3","add(sub(mul(neg(neg(-0.3690563179081876)), 0.23613528655132898), protected_tanh(yw)), neg(yw))"
1,17,9,5.029572576724e-01,"RE12819_CG2;RE12819_CG3","add(sub(mul(neg(neg(-0.3690563179081876)), 0.23613528655132898), protected_tanh(yw)), neg(yw))"
1,18,0,2.723307122825e-01,"RE12819_CG1;RE12819_CG2","sub(-0.3690563179081876, add(0.33490940683816484, yw))"
1,18,1,2.818377038582e-01,"RE12819_CG1;RE12819_CG2","sub(sub(mul(neg(neg(-0.3690563179081876)), 0.23613528655132898), protected_tanh(yw)), add(0.33490940683816484, yw))"
1,18,2,2.818377090660e-01,"RE12819_CG1;RE12819_CG2","sub(sub(mul(neg(neg(-0.3690563179081876)), 0.23613528655132898), protected_tanh(yw)), add(0.33490940683816484, yw))"
1,18,3,2.818377093006e-01,"RE12819_CG1;RE12819_CG2","sub(sub(mul(neg(neg(-0.3690563179081876)), 0.23613528655132898), protected_tanh(yw)), add(0.33490940683816484, yw))"
1,18,4,2.818377273274e-01,"RE12819_CG1;RE12819_CG2","sub(sub(mul(neg(neg(-0.3690563179081876)), 0.23613528655132898), protected_tanh(yw)), add(0.33490940683816484, yw))"
1,18,5,2.835644779469e-01,"RE12819_CG1;RE12819_CG2","sub(sub(mul(neg(neg(-0.3690563179081876)), protected_tanh(sub(0.22506795081221775, yw))), protected_tanh(yw)), add(0.33490940683816484, yw))"
1,18,6,2.996469459106e-01,"RE12819_CG1;RE12819_CG2","add(sub(mul(protected_tanh(neg(yw)), 0.23613528655132898), protected_tanh(yw)), neg(yw))"
1,18,7,3.027166032916e-01,"RE12819_CG1;RE12819_CG2","sub(0.1334281234927437, add(0.33490940683816484, yw))"
1,18,8,3.120363820049e-01,"RE12819_CG1;RE12819_CG2","-0.34009812912142934"
1,18,9,3.178918267428e-01,"RE12819_CG1;RE12819_CG2","sub(sub(add(0.33490940683816484, yw), protected_tanh(yw)), add(0.33490940683816484, yw))"
1,19,0,8.100633846647e-01,"RE12819_CG4","sub(sub(mul(neg(neg(-0.3690563179081876)), 0.23613528655132898), protected_tanh(yw)), add(0.33490940683816484, yw))"
1,19,1,8.100637035576e-01,"RE12819_CG4","sub(sub(mul(neg(neg(-0.3690563179081876)), 0.23613528655132898), protected_tanh(yw)), add(0.33490940683816484, yw))"
1,19,2,8.553025160148e-01,"RE12819_CG4","sub(sub(mul(neg(neg(-0.3690563179081876)), 0.23613528655132898), protected_tanh(yw)), add(0.33490940683816484, 0.23613528655132898))"
1,19,3,8.583209454365e-01,"RE12819_CG4","sub(-0.3690563179081876, add(0.33490940683816484, yw))"
1,19,4,8.583210081744e-01,"RE12819_CG4","sub(-0.3690563179081876, add(0.33490940683816484, yw))"
1,19,5,8.583210626388e-01,"RE12819_CG4","sub(-0.3690563179081876, add(0.33490940683816484, yw))"
1,19,6,8.583210626703e-01,"RE12819_CG4","sub(-0.3690563179081876, add(0.33490940683816484, yw))"
1,19,7,8.944053528999e-01,"RE12819_CG4","sub(sub(mul(neg(neg(-0.3690563179081876)), 0.23613528655132898), protected_tanh(yw)), add(protected_tanh(-0.4080150351444378), neg(-0.1056186685866295)))"
1,19,8,9.497477757911e-01,"RE12819_CG4","neg(add(-0.19539406457035013, 0.29522029421774754))"
1,19,9,1.030681978389e+00,"RE12819_CG4","add(yw, yw)"
