rank,candidate_id,model,C1,C2,C3,mean_norm_fitness,CG1_mean,CG2_mean,CG3_mean,CG4_mean,mean_frac_5pct_lower,mean_frac_10pct_lower,n_cases,expr
0,8,wall,0.000000000000e+00,-4.800000000000e+00,-1.386769525000e-01,4.509343834243e-01,3.469691983306e-01,3.792911980215e-01,5.256859720416e-01,5.517911653035e-01,3.647267228112e-01,4.370831908345e-01,12,"raw = -4.8*eta_y + -0.1386769525"
1,7,wall,0.000000000000e+00,-4.800000000000e+00,-1.886769525000e-01,4.551349915584e-01,3.339579904159e-01,3.798227809868e-01,5.357955451884e-01,5.709636496425e-01,3.753927624829e-01,4.480030566005e-01,12,"raw = -4.8*eta_y + -0.1886769525"
2,5,wall,0.000000000000e+00,-5.300000000000e+00,-1.386769525000e-01,4.569037976064e-01,3.584573279136e-01,3.861496062587e-01,5.242710960015e-01,5.587371602517e-01,4.100760943912e-01,4.761643938098e-01,12,"raw = -5.3*eta_y + -0.1386769525"
3,42,grid,0.000000000000e+00,-4.800000000000e+00,-5.000000000000e-02,4.581757684233e-01,3.780641936422e-01,3.958991770359e-01,5.212328427824e-01,5.375068602327e-01,3.459622948016e-01,4.176721742476e-01,12,"raw = 0*eta_h + -4.8*eta_y + -0.05"
4,39,grid,0.000000000000e+00,-5.300000000000e+00,-5.000000000000e-02,4.593546743890e-01,3.946451167315e-01,4.016001784905e-01,5.088704742316e-01,5.323029281026e-01,3.927972169973e-01,4.591714047538e-01,12,"raw = 0*eta_h + -5.3*eta_y + -0.05"
5,51,grid,1.000000000000e+00,-4.800000000000e+00,-5.000000000000e-02,4.614594251271e-01,3.865794583879e-01,3.998252964960e-01,5.218474252453e-01,5.375855203793e-01,3.438194681943e-01,4.154946135431e-01,12,"raw = 1*eta_h + -4.8*eta_y + -0.05"
6,4,wall,0.000000000000e+00,-5.300000000000e+00,-1.886769525000e-01,4.617715072803e-01,3.415241032187e-01,3.850947313943e-01,5.384204367631e-01,5.820467577453e-01,4.191603967168e-01,4.866674504104e-01,12,"raw = -5.3*eta_y + -0.1886769525"
7,48,grid,1.000000000000e+00,-5.300000000000e+00,-5.000000000000e-02,4.622336041528e-01,4.035867606604e-01,4.048613734806e-01,5.085989287399e-01,5.318873537303e-01,3.901921597127e-01,4.571568271204e-01,12,"raw = 1*eta_h + -5.3*eta_y + -0.05"
8,17,wall,0.000000000000e+00,-4.800000000000e+00,-2.333383671000e-01,4.628722969377e-01,3.268991823366e-01,3.852285485831e-01,5.470601853169e-01,5.923012715143e-01,3.837930702804e-01,4.577954001368e-01,12,"raw = -4.8*eta_y + -0.2333383671"
9,6,wall,0.000000000000e+00,-4.800000000000e+00,-2.386769525000e-01,4.640425737991e-01,3.265410276838e-01,3.861025475477e-01,5.484917970142e-01,5.950349229507e-01,3.850060918263e-01,4.590324683653e-01,12,"raw = -4.8*eta_y + -0.2386769525"
10,60,grid,2.000000000000e+00,-4.800000000000e+00,-5.000000000000e-02,4.649773948442e-01,3.953870322357e-01,4.042198605440e-01,5.226011294295e-01,5.377015571677e-01,3.414548777360e-01,4.134346143981e-01,12,"raw = 2*eta_h + -4.8*eta_y + -0.05"
11,57,grid,2.000000000000e+00,-5.300000000000e+00,-5.000000000000e-02,4.651624909435e-01,4.122402044745e-01,4.084653230801e-01,5.084420232696e-01,5.315024129499e-01,3.882684251026e-01,4.551502650479e-01,12,"raw = 2*eta_h + -5.3*eta_y + -0.05"
12,2,wall,0.000000000000e+00,-5.800000000000e+00,-1.386769525000e-01,4.667407982093e-01,3.713015248358e-01,3.986415562120e-01,5.286494799744e-01,5.683706318149e-01,4.484492561560e-01,5.101289970930e-01,12,"raw = -5.8*eta_y + -0.1386769525"
13,36,grid,0.000000000000e+00,-5.800000000000e+00,-5.000000000000e-02,4.680917752291e-01,4.152637581968e-01,4.163000428588e-01,5.072615048128e-01,5.335417950481e-01,4.315390945622e-01,4.933604437415e-01,12,"raw = 0*eta_h + -5.8*eta_y + -0.05"
14,40,grid,0.000000000000e+00,-5.300000000000e+00,0.000000000000e+00,4.683439076133e-01,4.139173478969e-01,4.187859983632e-01,5.108902422204e-01,5.297820419725e-01,3.824785182969e-01,4.494618886799e-01,12,"raw = 0*eta_h + -5.3*eta_y + 0"
15,14,wall,0.000000000000e+00,-5.300000000000e+00,-2.333383671000e-01,4.696145546771e-01,3.315373512020e-01,3.889466473318e-01,5.522697975204e-01,6.057044226542e-01,4.277263594391e-01,4.959307669289e-01,12,"raw = -5.3*eta_y + -0.2333383671"
16,3,wall,0.000000000000e+00,-5.300000000000e+00,-2.386769525000e-01,4.707908211058e-01,3.308209705923e-01,3.897462006944e-01,5.539536613591e-01,6.086424517772e-01,4.289420528386e-01,4.969647742818e-01,12,"raw = -5.3*eta_y + -0.2386769525"
17,1,wall,0.000000000000e+00,-5.800000000000e+00,-1.886769525000e-01,4.708719052456e-01,3.498941011544e-01,3.946249684666e-01,5.447148032124e-01,5.942537481490e-01,4.569163602941e-01,5.188659584473e-01,12,"raw = -5.8*eta_y + -0.1886769525"
18,45,grid,1.000000000000e+00,-5.800000000000e+00,-5.000000000000e-02,4.710791037954e-01,4.256712454925e-01,4.194119118560e-01,5.064610687325e-01,5.327721891007e-01,4.297649837551e-01,4.917439722982e-01,12,"raw = 1*eta_h + -5.8*eta_y + -0.05"
19,49,grid,1.000000000000e+00,-5.300000000000e+00,0.000000000000e+00,4.719917785529e-01,4.223820150905e-01,4.237866480587e-01,5.118321042604e-01,5.299663468019e-01,3.808166253420e-01,4.471079856361e-01,12,"raw = 1*eta_h + -5.3*eta_y + 0"
20,89,grid,2.000000000000e+00,-4.800000000000e+00,-2.834771200000e-01,4.725770587215e-01,3.266033184142e-01,3.901394499174e-01,5.577052415731e-01,6.158602249813e-01,3.896203830369e-01,4.639379916211e-01,12,"raw = 2*eta_h + -4.8*eta_y + -0.28347712"
21,43,grid,0.000000000000e+00,-4.800000000000e+00,0.000000000000e+00,4.727070071430e-01,3.971478262537e-01,4.169757550602e-01,5.319509056457e-01,5.447535416124e-01,3.356382523940e-01,4.071236961354e-01,12,"raw = 0*eta_h + -4.8*eta_y + 0"
22,80,grid,1.000000000000e+00,-4.800000000000e+00,-2.834771200000e-01,4.735759430439e-01,3.252272932583e-01,3.923885081548e-01,5.592882217456e-01,6.173997490168e-01,3.927224050958e-01,4.662144109097e-01,12,"raw = 1*eta_h + -4.8*eta_y + -0.28347712"
23,54,grid,2.000000000000e+00,-5.800000000000e+00,-5.000000000000e-02,4.739853937467e-01,4.353970972052e-01,4.227615592717e-01,5.057554418170e-01,5.320274766929e-01,4.278866706566e-01,4.897133635431e-01,12,"raw = 2*eta_h + -5.8*eta_y + -0.05"
24,110,grid,2.000000000000e+00,-3.500000000000e+00,-3.300000000000e-01,4.740629761597e-01,3.286675932229e-01,4.079254814875e-01,5.596912159049e-01,5.999676140235e-01,2.429703531122e-01,3.354592382011e-01,12,"raw = 2*eta_h + -3.5*eta_y + -0.33"
25,37,grid,0.000000000000e+00,-5.800000000000e+00,0.000000000000e+00,4.742619788945e-01,4.372097355519e-01,4.319991444003e-01,5.039016589723e-01,5.239373766535e-01,4.227219775992e-01,4.842868288304e-01,12,"raw = 0*eta_h + -5.8*eta_y + 0"
26,16,wall,0.000000000000e+00,-4.800000000000e+00,-2.833383671000e-01,4.748061422242e-01,3.247010529290e-01,3.948221607122e-01,5.608364824968e-01,6.188648727589e-01,3.950121836525e-01,4.679805061560e-01,12,"raw = -4.8*eta_y + -0.2833383671"
27,71,grid,0.000000000000e+00,-4.800000000000e+00,-2.834771200000e-01,4.748524110964e-01,3.247431484505e-01,3.948502276774e-01,5.608754707685e-01,6.189407974893e-01,3.950282147743e-01,4.679938654241e-01,12,"raw = 0*eta_h + -4.8*eta_y + -0.28347712"
28,101,grid,1.000000000000e+00,-3.500000000000e+00,-3.300000000000e-01,4.748887392785e-01,3.297272648311e-01,4.085224685743e-01,5.601299191187e-01,6.011753045900e-01,2.456475504446e-01,3.381204044118e-01,12,"raw = 1*eta_h + -3.5*eta_y + -0.33"
29,58,grid,2.000000000000e+00,-5.300000000000e+00,0.000000000000e+00,4.758271670746e-01,4.309190403894e-01,4.292615452823e-01,5.129401785175e-01,5.301879041092e-01,3.788154069767e-01,4.450052368331e-01,12,"raw = 2*eta_h + -5.3*eta_y + 0"
30,20,wall,0.000000000000e+00,-3.500000000000e+00,-3.290154144000e-01,4.758661636890e-01,3.318066484614e-01,4.091597577258e-01,5.605304495835e-01,6.019677989854e-01,2.484556686047e-01,3.407949298906e-01,12,"raw = -3.5*eta_y + -0.3290154144"
31,92,grid,0.000000000000e+00,-3.500000000000e+00,-3.300000000000e-01,4.760197456374e-01,3.318607885812e-01,4.092042001957e-01,5.606191204840e-01,6.023948732888e-01,2.485251367989e-01,3.411903642271e-01,12,"raw = 0*eta_h + -3.5*eta_y + -0.33"
32,52,grid,1.000000000000e+00,-4.800000000000e+00,0.000000000000e+00,4.773041030031e-01,4.064621849307e-01,4.232021768493e-01,5.339996470512e-01,5.455524031813e-01,3.335274880301e-01,4.050102599179e-01,12,"raw = 1*eta_h + -4.8*eta_y + 0"
33,46,grid,1.000000000000e+00,-5.800000000000e+00,0.000000000000e+00,4.775712711981e-01,4.461197395354e-01,4.363615371424e-01,5.041317477063e-01,5.236720604082e-01,4.209638979138e-01,4.818020049590e-01,12,"raw = 1*eta_h + -5.8*eta_y + 0"
34,11,wall,0.000000000000e+00,-5.800000000000e+00,-2.333383671000e-01,4.778269801323e-01,3.367619705098e-01,3.956876685716e-01,5.596855908776e-01,6.191726905700e-01,4.649132181943e-01,5.269189252736e-01,12,"raw = -5.8*eta_y + -0.2333383671"
35,0,wall,0.000000000000e+00,-5.800000000000e+00,-2.386769525000e-01,4.788439564764e-01,3.355724855021e-01,3.961244210173e-01,5.614719777451e-01,6.222069416411e-01,4.660353967168e-01,5.278514021888e-01,12,"raw = -5.8*eta_y + -0.2386769525"
36,86,grid,2.000000000000e+00,-5.300000000000e+00,-2.834771200000e-01,4.797989156623e-01,3.309348397786e-01,3.931974624165e-01,5.645111463136e-01,6.305522141407e-01,4.337407019494e-01,5.019638124145e-01,12,"raw = 2*eta_h + -5.3*eta_y + -0.28347712"
37,77,grid,1.000000000000e+00,-5.300000000000e+00,-2.834771200000e-01,4.805088563039e-01,3.283321071544e-01,3.952774005110e-01,5.662817467890e-01,6.321441707611e-01,4.352609866621e-01,5.035989868331e-01,12,"raw = 1*eta_h + -5.3*eta_y + -0.28347712"
38,55,grid,2.000000000000e+00,-5.800000000000e+00,0.000000000000e+00,4.808851291273e-01,4.545162604239e-01,4.410789903252e-01,5.045065699826e-01,5.234386957774e-01,4.195531591997e-01,4.804553907319e-01,12,"raw = 2*eta_h + -5.8*eta_y + 0"
39,13,wall,0.000000000000e+00,-5.300000000000e+00,-2.833383671000e-01,4.816019658467e-01,3.273958438067e-01,3.973487014483e-01,5.680036309588e-01,6.336596871731e-01,4.383443057456e-01,5.061987004104e-01,12,"raw = -5.3*eta_y + -0.2833383671"
40,68,grid,0.000000000000e+00,-5.300000000000e+00,-2.834771200000e-01,4.816185868403e-01,3.273326478461e-01,3.973568025495e-01,5.680468629088e-01,6.337380340568e-01,4.383469775992e-01,5.062307626539e-01,12,"raw = 0*eta_h + -5.3*eta_y + -0.28347712"
41,23,wall,0.000000000000e+00,-3.000000000000e+00,-3.290154144000e-01,4.820162763184e-01,3.417912498561e-01,4.239426179819e-01,5.694004338361e-01,5.929308035996e-01,1.614440834473e-01,2.618149367305e-01,12,"raw = -3*eta_y + -0.3290154144"
42,95,grid,0.000000000000e+00,-3.000000000000e+00,-3.300000000000e-01,4.820392473416e-01,3.418408253978e-01,4.238404589612e-01,5.692817158023e-01,5.931939892051e-01,1.616257694938e-01,2.620019664843e-01,12,"raw = 0*eta_h + -3*eta_y + -0.33"
43,104,grid,1.000000000000e+00,-3.000000000000e+00,-3.300000000000e-01,4.821199146642e-01,3.409426948034e-01,4.250877393356e-01,5.700018259547e-01,5.924473985631e-01,1.588310106019e-01,2.588919288646e-01,12,"raw = 1*eta_h + -3*eta_y + -0.33"
44,61,grid,2.000000000000e+00,-4.800000000000e+00,0.000000000000e+00,4.822795562764e-01,4.164465499025e-01,4.300356710838e-01,5.362406493319e-01,5.463953547872e-01,3.318923136115e-01,4.021193142955e-01,12,"raw = 2*eta_h + -4.8*eta_y + 0"
45,113,grid,2.000000000000e+00,-3.000000000000e+00,-3.300000000000e-01,4.825471572426e-01,3.412058963099e-01,4.264409939194e-01,5.708180031576e-01,5.917237355835e-01,1.561832036594e-01,2.556990637825e-01,12,"raw = 2*eta_h + -3*eta_y + -0.33"
46,109,grid,2.000000000000e+00,-3.500000000000e+00,-3.800000000000e-01,4.827294121688e-01,3.323432211572e-01,4.106349122955e-01,5.651341725025e-01,6.228053427199e-01,2.562601530438e-01,3.492166125171e-01,12,"raw = 2*eta_h + -3.5*eta_y + -0.38"
47,100,grid,1.000000000000e+00,-3.500000000000e+00,-3.800000000000e-01,4.841666111387e-01,3.351501141564e-01,4.114103184300e-01,5.659435974245e-01,6.241624145441e-01,2.589854437415e-01,3.522839004788e-01,12,"raw = 1*eta_h + -3.5*eta_y + -0.38"
48,112,grid,2.000000000000e+00,-3.000000000000e+00,-3.800000000000e-01,4.844317287910e-01,3.419159753109e-01,4.216582737671e-01,5.666726083177e-01,6.074800577681e-01,1.700207335841e-01,2.710194724692e-01,12,"raw = 2*eta_h + -3*eta_y + -0.38"
49,103,grid,1.000000000000e+00,-3.000000000000e+00,-3.800000000000e-01,4.849779660431e-01,3.437244812154e-01,4.210684826852e-01,5.665945398926e-01,6.085243603791e-01,1.728101487688e-01,2.740947759918e-01,12,"raw = 1*eta_h + -3*eta_y + -0.38"
50,88,grid,2.000000000000e+00,-4.800000000000e+00,-3.334771200000e-01,4.850048825008e-01,3.247566939770e-01,4.000446294844e-01,5.717740710760e-01,6.434441354659e-01,4.010986662107e-01,4.745131882695e-01,12,"raw = 2*eta_h + -4.8*eta_y + -0.33347712"
51,22,wall,0.000000000000e+00,-3.000000000000e+00,-3.790154144000e-01,4.856729903938e-01,3.461651205515e-01,4.207342774752e-01,5.665814931835e-01,6.092110703651e-01,1.761366065321e-01,2.775361234610e-01,12,"raw = -3*eta_y + -0.3790154144"
52,19,wall,0.000000000000e+00,-3.500000000000e+00,-3.790154144000e-01,4.857087142689e-01,3.388617068804e-01,4.122885772935e-01,5.666360605184e-01,6.250485123833e-01,2.618443271204e-01,3.548488799590e-01,12,"raw = -3.5*eta_y + -0.3790154144"
53,94,grid,0.000000000000e+00,-3.000000000000e+00,-3.800000000000e-01,4.857822722965e-01,3.462486673087e-01,4.207143011857e-01,5.665845199719e-01,6.095816007195e-01,1.763770733584e-01,2.778540740424e-01,12,"raw = 0*eta_h + -3*eta_y + -0.38"
54,91,grid,0.000000000000e+00,-3.500000000000e+00,-3.800000000000e-01,4.858757083771e-01,3.388210272099e-01,4.123726107642e-01,5.667846358728e-01,6.255245596616e-01,2.620019664843e-01,3.552069083447e-01,12,"raw = 0*eta_h + -3.5*eta_y + -0.38"
55,79,grid,1.000000000000e+00,-4.800000000000e+00,-3.334771200000e-01,4.865762803127e-01,3.260979402606e-01,4.018368094827e-01,5.733663569346e-01,6.450040145730e-01,4.040109866621e-01,4.769419032148e-01,12,"raw = 1*eta_h + -4.8*eta_y + -0.33347712"
56,83,grid,2.000000000000e+00,-5.800000000000e+00,-2.834771200000e-01,4.879172350505e-01,3.358359384122e-01,3.987486125889e-01,5.725487536273e-01,6.445356355736e-01,4.700672238372e-01,5.322118673051e-01,12,"raw = 2*eta_h + -5.8*eta_y + -0.28347712"
57,74,grid,1.000000000000e+00,-5.800000000000e+00,-2.834771200000e-01,4.882466747601e-01,3.321902737153e-01,4.002676005003e-01,5.743882823453e-01,6.461405424795e-01,4.720283643981e-01,5.342798820109e-01,12,"raw = 1*eta_h + -5.8*eta_y + -0.28347712"
58,15,wall,0.000000000000e+00,-4.800000000000e+00,-3.333383671000e-01,4.883606139237e-01,3.282551279254e-01,4.037868723991e-01,5.749111117732e-01,6.464893435973e-01,4.060923606361e-01,4.786572332421e-01,12,"raw = -4.8*eta_y + -0.3333383671"
59,70,grid,0.000000000000e+00,-4.800000000000e+00,-3.334771200000e-01,4.883720570932e-01,3.281608647633e-01,4.038112455884e-01,5.749500160515e-01,6.465661019696e-01,4.060977043434e-01,4.786732643639e-01,12,"raw = 0*eta_h + -4.8*eta_y + -0.33347712"
60,10,wall,0.000000000000e+00,-5.800000000000e+00,-2.833383671000e-01,4.889704328643e-01,3.301007935498e-01,4.019453204746e-01,5.761709001121e-01,6.476647173209e-01,4.737704129617e-01,5.370318912449e-01,12,"raw = -5.8*eta_y + -0.2833383671"
61,65,grid,0.000000000000e+00,-5.800000000000e+00,-2.834771200000e-01,4.890013834321e-01,3.300793934302e-01,4.019670292048e-01,5.762155863638e-01,6.477435247296e-01,4.738185063269e-01,5.372269365595e-01,12,"raw = 0*eta_h + -5.8*eta_y + -0.28347712"
62,111,grid,2.000000000000e+00,-3.000000000000e+00,-4.300000000000e-01,4.909200433858e-01,3.467341943735e-01,4.211480820653e-01,5.681714090847e-01,6.276264880196e-01,1.842643852599e-01,2.869971571477e-01,12,"raw = 2*eta_h + -3*eta_y + -0.43"
63,85,grid,2.000000000000e+00,-5.300000000000e+00,-3.334771200000e-01,4.920624215821e-01,3.271147139256e-01,4.025343029505e-01,5.799164748134e-01,6.586841946389e-01,4.440166509918e-01,5.118737175103e-01,12,"raw = 2*eta_h + -5.3*eta_y + -0.33347712"
64,102,grid,1.000000000000e+00,-3.000000000000e+00,-4.300000000000e-01,4.925576953803e-01,3.508661261527e-01,4.219090751080e-01,5.686108193148e-01,6.288447609455e-01,1.870057070793e-01,2.901152103283e-01,12,"raw = 1*eta_h + -3*eta_y + -0.43"
65,76,grid,1.000000000000e+00,-5.300000000000e+00,-3.334771200000e-01,4.935361853201e-01,3.276698258493e-01,4.046092595479e-01,5.816120365867e-01,6.602536192967e-01,4.459457293092e-01,5.137680617305e-01,12,"raw = 1*eta_h + -5.3*eta_y + -0.33347712"
66,38,grid,0.000000000000e+00,-5.800000000000e+00,5.000000000000e-02,4.936424791248e-01,4.561320293626e-01,4.540999515810e-01,5.225577201464e-01,5.417802154095e-01,4.142815919973e-01,4.745853283174e-01,12,"raw = 0*eta_h + -5.8*eta_y + 0.05"
67,108,grid,2.000000000000e+00,-3.500000000000e+00,-4.300000000000e-01,4.939446284345e-01,3.396363477155e-01,4.154656188458e-01,5.732939907669e-01,6.473825564098e-01,2.693068142955e-01,3.638957763338e-01,12,"raw = 2*eta_h + -3.5*eta_y + -0.43"
68,21,wall,0.000000000000e+00,-3.000000000000e+00,-4.290154144000e-01,4.940673143500e-01,3.547101750698e-01,4.229095076963e-01,5.690083158418e-01,6.296412587920e-01,1.899367305062e-01,2.929366877565e-01,12,"raw = -3*eta_y + -0.4290154144"
69,93,grid,0.000000000000e+00,-3.000000000000e+00,-4.300000000000e-01,4.942416909409e-01,3.547809346402e-01,4.230205608836e-01,5.690958970220e-01,6.300693712176e-01,1.903081181601e-01,2.932973879959e-01,12,"raw = 0*eta_h + -3*eta_y + -0.43"
70,12,wall,0.000000000000e+00,-5.300000000000e+00,-3.333383671000e-01,4.951732678631e-01,3.291557324818e-01,4.065377454614e-01,5.832552970049e-01,6.617442965045e-01,4.483477257182e-01,5.152642997606e-01,12,"raw = -5.3*eta_y + -0.3333383671"
71,67,grid,0.000000000000e+00,-5.300000000000e+00,-3.334771200000e-01,4.952004967322e-01,3.291227243268e-01,4.065615011459e-01,5.832964951065e-01,6.618212663494e-01,4.484198657661e-01,5.152723153215e-01,12,"raw = 0*eta_h + -5.3*eta_y + -0.33347712"
72,41,grid,0.000000000000e+00,-5.300000000000e+00,5.000000000000e-02,4.953485762519e-01,4.326186383039e-01,4.446341884967e-01,5.471085508323e-01,5.570329273745e-01,3.737201821135e-01,4.393996879275e-01,12,"raw = 0*eta_h + -5.3*eta_y + 0.05"
73,99,grid,1.000000000000e+00,-3.500000000000e+00,-4.300000000000e-01,4.962361580035e-01,3.445478147472e-01,4.172756992884e-01,5.743343557265e-01,6.487867622518e-01,2.723821178181e-01,3.670565791724e-01,12,"raw = 1*eta_h + -3.5*eta_y + -0.43"
74,47,grid,1.000000000000e+00,-5.800000000000e+00,5.000000000000e-02,4.983039831772e-01,4.643158935468e-01,4.570111267006e-01,5.288860990642e-01,5.430028133972e-01,4.126277146033e-01,4.729074042408e-01,12,"raw = 1*eta_h + -5.8*eta_y + 0.05"
75,87,grid,2.000000000000e+00,-4.800000000000e+00,-3.834771200000e-01,4.984231393505e-01,3.282855553909e-01,4.089191376923e-01,5.856530490256e-01,6.708348152934e-01,4.122082335841e-01,4.848853240424e-01,12,"raw = 2*eta_h + -4.8*eta_y + -0.38347712"
76,18,wall,0.000000000000e+00,-3.500000000000e+00,-4.290154144000e-01,4.984379114190e-01,3.496301058784e-01,4.192136468966e-01,5.752068476398e-01,6.497010452611e-01,2.745543348153e-01,3.694879659713e-01,12,"raw = -3.5*eta_y + -0.4290154144"
77,90,grid,0.000000000000e+00,-3.500000000000e+00,-4.300000000000e-01,4.988603227577e-01,3.504511415362e-01,4.194061775479e-01,5.753924735294e-01,6.501914984175e-01,2.749016757866e-01,3.699047751368e-01,12,"raw = 0*eta_h + -3.5*eta_y + -0.43"
78,105,grid,1.000000000000e+00,-2.500000000000e+00,-4.300000000000e-01,4.991936678363e-01,3.642587921913e-01,4.376023087041e-01,5.771951468811e-01,6.177184235688e-01,8.441454343365e-02,1.901291039672e-01,12,"raw = 1*eta_h + -2.5*eta_y + -0.43"
79,82,grid,2.000000000000e+00,-5.800000000000e+00,-3.334771200000e-01,4.993578623790e-01,3.298897587986e-01,4.065642469312e-01,5.883644036385e-01,6.726130401475e-01,4.792183225034e-01,5.426107216142e-01,12,"raw = 2*eta_h + -5.8*eta_y + -0.33347712"
80,114,grid,2.000000000000e+00,-2.500000000000e+00,-4.300000000000e-01,4.993584854927e-01,3.633685076438e-01,4.389652545954e-01,5.780925885239e-01,6.170075912079e-01,8.238927838577e-02,1.863136969904e-01,12,"raw = 2*eta_h + -2.5*eta_y + -0.43"
81,24,wall,0.000000000000e+00,-2.500000000000e+00,-4.290154144000e-01,4.993732995980e-01,3.659939182527e-01,4.367815958141e-01,5.765271529897e-01,6.181905313357e-01,8.708906891245e-02,1.931509704172e-01,12,"raw = -2.5*eta_y + -0.4290154144"
82,96,grid,0.000000000000e+00,-2.500000000000e+00,-4.300000000000e-01,4.994111385625e-01,3.661183215903e-01,4.366849662632e-01,5.763944415586e-01,6.184468248379e-01,8.728411422709e-02,1.936212166553e-01,12,"raw = 0*eta_h + -2.5*eta_y + -0.43"
83,27,wall,0.000000000000e+00,-2.500000000000e+00,-4.359274008000e-01,4.997038148096e-01,3.667505258062e-01,4.363763100672e-01,5.756546081559e-01,6.200338152092e-01,8.904219391245e-02,1.958495425787e-01,12,"raw = -2.5*eta_y + -0.4359274008"
84,28,wall,0.000000000000e+00,-2.500000000000e+00,-3.859274008000e-01,5.001323640703e-01,3.629384919122e-01,4.428126533645e-01,5.853856674623e-01,6.093926435424e-01,7.646310704514e-02,1.786267741108e-01,12,"raw = -2.5*eta_y + -0.3859274008"
85,78,grid,1.000000000000e+00,-4.800000000000e+00,-3.834771200000e-01,5.004969191399e-01,3.319113107924e-01,4.106881631857e-01,5.870361088291e-01,6.723520937524e-01,4.143724350205e-01,4.882358284884e-01,12,"raw = 1*eta_h + -4.8*eta_y + -0.38347712"
86,73,grid,1.000000000000e+00,-5.800000000000e+00,-3.334771200000e-01,5.006443110387e-01,3.299121604793e-01,4.084171531903e-01,5.900832865578e-01,6.741646439273e-01,4.809389962380e-01,5.443741450068e-01,12,"raw = 1*eta_h + -5.8*eta_y + -0.33347712"
87,97,grid,0.000000000000e+00,-2.500000000000e+00,-3.800000000000e-01,5.007510242548e-01,3.630557904017e-01,4.442080520764e-01,5.871253527718e-01,6.086149017692e-01,7.490541638167e-02,1.768179292066e-01,12,"raw = 0*eta_h + -2.5*eta_y + -0.38"
88,50,grid,1.000000000000e+00,-5.300000000000e+00,5.000000000000e-02,5.008134972053e-01,4.416256965097e-01,4.459124190044e-01,5.574139592849e-01,5.583019140222e-01,3.714945280438e-01,4.362629317715e-01,12,"raw = 1*eta_h + -5.3*eta_y + 0.05"
89,25,wall,0.000000000000e+00,-2.500000000000e+00,-3.790154144000e-01,5.008492243198e-01,3.630353087319e-01,4.444362070118e-01,5.874279578189e-01,6.084974237165e-01,7.466762140903e-02,1.765454001368e-01,12,"raw = -2.5*eta_y + -0.3790154144"
90,106,grid,1.000000000000e+00,-2.500000000000e+00,-3.800000000000e-01,5.017908709211e-01,3.629432079332e-01,4.470115113046e-01,5.889211945085e-01,6.082875699379e-01,7.168850461696e-02,1.730613030096e-01,12,"raw = 1*eta_h + -2.5*eta_y + -0.38"
91,56,grid,2.000000000000e+00,-5.800000000000e+00,5.000000000000e-02,5.020686254446e-01,4.726075386496e-01,4.553851066873e-01,5.364972933572e-01,5.437845630841e-01,4.108723067715e-01,4.707993117305e-01,12,"raw = 2*eta_h + -5.8*eta_y + 0.05"
92,9,wall,0.000000000000e+00,-5.800000000000e+00,-3.333383671000e-01,5.021312810227e-01,3.309009691212e-01,4.102432044166e-01,5.917450547152e-01,6.756358958380e-01,4.824806557798e-01,5.463245981532e-01,12,"raw = -5.8*eta_y + -0.3333383671"
93,64,grid,0.000000000000e+00,-5.800000000000e+00,-3.334771200000e-01,5.021723135880e-01,3.309251444600e-01,4.102655258765e-01,5.917866679891e-01,6.757119160265e-01,4.824940150479e-01,5.463513166895e-01,12,"raw = 0*eta_h + -5.8*eta_y + -0.33347712"
94,69,grid,0.000000000000e+00,-4.800000000000e+00,-3.834771200000e-01,5.026956345255e-01,3.359108942571e-01,4.125898594214e-01,5.884162582791e-01,6.738655261443e-01,4.168465714774e-01,4.909130258208e-01,12,"raw = 0*eta_h + -4.8*eta_y + -0.38347712"
95,115,grid,2.000000000000e+00,-2.500000000000e+00,-3.800000000000e-01,5.033867486544e-01,3.644571714848e-01,4.502486959421e-01,5.908523561816e-01,6.079887710091e-01,6.965789586183e-02,1.693474264706e-01,12,"raw = 2*eta_h + -2.5*eta_y + -0.38"
96,84,grid,2.000000000000e+00,-5.300000000000e+00,-3.834771200000e-01,5.052581607718e-01,3.293287459530e-01,4.112724639134e-01,5.944913579196e-01,6.859400753014e-01,4.542097725718e-01,5.211236747606e-01,12,"raw = 2*eta_h + -5.3*eta_y + -0.38347712"
97,59,grid,2.000000000000e+00,-5.300000000000e+00,5.000000000000e-02,5.062490279704e-01,4.513537771288e-01,4.452150469606e-01,5.688072214102e-01,5.596200663820e-01,3.693810918263e-01,4.344327120383e-01,12,"raw = 2*eta_h + -5.3*eta_y + 0.05"
98,75,grid,1.000000000000e+00,-5.300000000000e+00,-3.834771200000e-01,5.075101113100e-01,3.329415785410e-01,4.135874717327e-01,5.960759340801e-01,6.874354608860e-01,4.561121323529e-01,5.236218579001e-01,12,"raw = 1*eta_h + -5.3*eta_y + -0.38347712"
99,29,wall,0.000000000000e+00,-2.500000000000e+00,-3.359274008000e-01,5.084307806219e-01,3.642273454282e-01,4.574674081043e-01,6.049001646730e-01,6.071282042821e-01,6.424739227086e-02,1.614975205198e-01,12,"raw = -2.5*eta_y + -0.3359274008"
100,66,grid,0.000000000000e+00,-5.300000000000e+00,-3.834771200000e-01,5.095355590845e-01,3.362373079120e-01,4.153330519425e-01,5.976462869247e-01,6.889255895588e-01,4.580251795486e-01,5.256872007524e-01,12,"raw = 0*eta_h + -5.3*eta_y + -0.38347712"
101,98,grid,0.000000000000e+00,-2.500000000000e+00,-3.300000000000e-01,5.099960450604e-01,3.646870318814e-01,4.596893154690e-01,6.080090933627e-01,6.075987395286e-01,6.281795058140e-02,1.599745639535e-01,12,"raw = 0*eta_h + -2.5*eta_y + -0.33"
102,44,grid,0.000000000000e+00,-4.800000000000e+00,5.000000000000e-02,5.101362544352e-01,4.184991557400e-01,4.471551536624e-01,5.915202895894e-01,5.833704187491e-01,3.263508891929e-01,3.961664244186e-01,12,"raw = 0*eta_h + -4.8*eta_y + 0.05"
103,26,wall,0.000000000000e+00,-2.500000000000e+00,-3.290154144000e-01,5.102232001370e-01,3.645882913025e-01,4.600666436464e-01,6.085437320530e-01,6.076941335460e-01,6.271374829001e-02,1.596058481532e-01,12,"raw = -2.5*eta_y + -0.3290154144"
104,81,grid,2.000000000000e+00,-5.800000000000e+00,-3.834771200000e-01,5.120895898873e-01,3.310423654076e-01,4.149233664824e-01,6.030073886482e-01,6.993852390110e-01,4.882144536594e-01,5.521412234952e-01,12,"raw = 2*eta_h + -5.8*eta_y + -0.38347712"
105,107,grid,1.000000000000e+00,-2.500000000000e+00,-3.300000000000e-01,5.125412655687e-01,3.669781205504e-01,4.641499569824e-01,6.111514724467e-01,6.078855122954e-01,6.011403471272e-02,1.565064979480e-01,12,"raw = 1*eta_h + -2.5*eta_y + -0.33"
106,72,grid,1.000000000000e+00,-5.800000000000e+00,-3.834771200000e-01,5.138306522660e-01,3.333399158531e-01,4.165562807765e-01,6.045823913086e-01,7.008440211258e-01,4.906966056772e-01,5.538244912791e-01,12,"raw = 1*eta_h + -5.8*eta_y + -0.38347712"
107,116,grid,2.000000000000e+00,-2.500000000000e+00,-3.300000000000e-01,5.156701923552e-01,3.708405620075e-01,4.691550232128e-01,6.144707478591e-01,6.082144363414e-01,5.784830283858e-02,1.533350076949e-01,12,"raw = 2*eta_h + -2.5*eta_y + -0.33"
108,63,grid,0.000000000000e+00,-5.800000000000e+00,-3.834771200000e-01,5.159969055247e-01,3.372952535953e-01,4.182554583629e-01,6.061405529463e-01,7.022963571944e-01,4.926230121409e-01,5.557802881327e-01,12,"raw = 0*eta_h + -5.8*eta_y + -0.38347712"
109,53,grid,1.000000000000e+00,-4.800000000000e+00,5.000000000000e-02,5.176612084295e-01,4.296750790750e-01,4.499695133462e-01,6.055988245578e-01,5.854014167392e-01,3.236229266416e-01,3.942186431259e-01,12,"raw = 1*eta_h + -4.8*eta_y + 0.05"
110,62,grid,2.000000000000e+00,-4.800000000000e+00,5.000000000000e-02,5.255791025816e-01,4.404648321453e-01,4.540871543450e-01,6.202957641276e-01,5.874686597086e-01,3.214907874487e-01,3.910337936047e-01,12,"raw = 2*eta_h + -4.8*eta_y + 0.05"
111,30,wall,0.000000000000e+00,-2.000000000000e+00,-4.359274008000e-01,5.355200462623e-01,3.941767659995e-01,4.773355883795e-01,6.263156655515e-01,6.442521651186e-01,2.180232558140e-03,7.216142270862e-02,12,"raw = -2*eta_y + -0.4359274008"
112,31,wall,0.000000000000e+00,-2.000000000000e+00,-3.859274008000e-01,5.575954321790e-01,4.016767106059e-01,5.037716428025e-01,6.654874291712e-01,6.594459461366e-01,0.000000000000e+00,5.694521631327e-02,12,"raw = -2*eta_y + -0.3859274008"
113,32,wall,0.000000000000e+00,-2.000000000000e+00,-3.359274008000e-01,5.936289964754e-01,4.159673633157e-01,5.431623466210e-01,7.235470267952e-01,6.918392491697e-01,0.000000000000e+00,4.365007267442e-02,12,"raw = -2*eta_y + -0.3359274008"
114,33,wall,0.000000000000e+00,-1.500000000000e+00,-4.359274008000e-01,6.745112195383e-01,4.691689468322e-01,6.044254397090e-01,8.231421110467e-01,8.013083805653e-01,0.000000000000e+00,0.000000000000e+00,12,"raw = -1.5*eta_y + -0.4359274008"
115,34,wall,0.000000000000e+00,-1.500000000000e+00,-3.859274008000e-01,7.471981857905e-01,5.006339546442e-01,6.745593693045e-01,9.324724997697e-01,8.811269194436e-01,0.000000000000e+00,0.000000000000e+00,12,"raw = -1.5*eta_y + -0.3859274008"
116,35,wall,0.000000000000e+00,-1.500000000000e+00,-3.359274008000e-01,8.456334481734e-01,5.441212525433e-01,7.662677389650e-01,1.077600080307e+00,9.945447208786e-01,0.000000000000e+00,0.000000000000e+00,12,"raw = -1.5*eta_y + -0.3359274008"
