id,x,y,z,yw
0,-1.0231699310924000e+01,1.2503062306912999e-01,0.0000000000000000e+00,9.9811244222588996e-02
1,-1.0225806030949000e+01,3.7503063106912998e-01,0.0000000000000000e+00,9.9871528683291994e-02
202,-1.0214002555590000e+01,6.2509227972421999e-01,0.0000000000000000e+00,9.9991480194287996e-02
203,-1.0196283149011000e+01,8.7509228772421999e-01,0.0000000000000000e+00,1.0017365043291999e-01
292,-1.0154999052333000e+01,1.2602531779641000e+00,0.0000000000000000e+00,9.8780565130712997e-02
293,-1.0079976265047000e+01,1.7789074742176001e+00,0.0000000000000000e+00,9.8715621620228997e-02
294,-9.9794518258132996e+00,2.2932281934202998e+00,0.0000000000000000e+00,9.8655635771045996e-02
295,-9.8536706340712001e+00,2.8019622127964001e+00,0.0000000000000000e+00,9.8600616520483006e-02
296,-9.7029391278923995e+00,3.3038700225134998e+00,0.0000000000000000e+00,9.8550572255654001e-02
297,-9.5276245383106009e+00,3.7977287418646002e+00,0.0000000000000000e+00,9.8505510635540999e-02
298,-9.3281539941438005e+00,4.2823351010835999e+00,0.0000000000000000e+00,9.8465438514416997e-02
299,-9.1050134796945006e+00,4.7565083765588998e+00,0.0000000000000000e+00,9.8430361918168993e-02
300,-8.8587466533686001e+00,5.2190932615846002e+00,0.0000000000000000e+00,9.8400286348136995e-02
301,-8.5899535226396004e+00,5.6689626826886999e+00,0.0000000000000000e+00,9.8375216291267997e-02
302,-8.2992889804431993e+00,6.1050205496291996e+00,0.0000000000000000e+00,9.8355155649265003e-02
303,-7.9874612105520004e+00,6.5262044235900003e+00,0.0000000000000000e+00,9.8340107480930000e-02
304,-7.6552299608308001e+00,6.9314881076213002e+00,0.0000000000000000e+00,9.8330074067718001e-02
305,-7.3034046932856000e+00,7.3198841452887997e+00,0.0000000000000000e+00,9.8325056977363004e-02
1421,-6.9794883408748998e+00,7.6476839016975999e+00,0.0000000000000000e+00,9.9040414455138004e-02
1416,-6.6880053919515996e+00,7.9181147885840000e+00,0.0000000000000000e+00,9.9040777399855007e-02
1411,-6.3866022241616003e+00,8.1774433505499005e+00,0.0000000000000000e+00,9.9041503294223995e-02
1406,-6.0757014492100998e+00,8.4253059709098004e+00,0.0000000000000000e+00,9.9042592114859995e-02
1401,-5.7557389964062997e+00,8.6613551096211001e+00,0.0000000000000000e+00,9.9044043871580001e-02
1396,-5.4271635005669001e+00,8.8852597911931994e+00,0.0000000000000000e+00,9.9045858522083002e-02
1391,-5.0904356730356000e+00,9.0967060687483006e+00,0.0000000000000000e+00,9.9048036059637995e-02
1386,-4.7460276565135002e+00,9.2953974636024999e+00,0.0000000000000000e+00,9.9050576467527005e-02
1381,-4.3944223623592000e+00,9.4810553815164997e+00,0.0000000000000000e+00,9.9053479707181993e-02
1376,-4.0361127938879999e+00,9.6534195030746996e+00,0.0000000000000000e+00,9.9056745748101999e-02
1371,-3.6716013526542999e+00,9.8122481497308005e+00,0.0000000000000000e+00,9.9060374534981996e-02
1366,-3.3013991376498000e+00,9.9573186210319005e+00,0.0000000000000000e+00,9.9064366071635004e-02
1361,-2.9260252292011000e+00,1.0088427506790000e+01,0.0000000000000000e+00,9.9068720290759998e-02
1356,-2.5460059574699998e+00,1.0205390973918000e+01,0.0000000000000000e+00,9.9073437141092000e-02
1351,-2.1618741657561000e+00,1.0308045023481000e+01,0.0000000000000000e+00,9.9078516573562994e-02
1346,-1.7741684635685000e+00,1.0396245720554999e+01,0.0000000000000000e+00,9.9083958530530994e-02
1341,-1.3834324722372000e+00,1.0469869395878000e+01,0.0000000000000000e+00,9.9089762962265002e-02
1336,-9.9021406217283003e-01,1.0528812819424999e+01,0.0000000000000000e+00,9.9095929793904997e-02
1331,-5.9506458372832005e-01,1.0572993345295000e+01,0.0000000000000000e+00,9.9102458954217001e-02
1326,-1.9853809480257001e-01,1.0602349027423999e+01,0.0000000000000000e+00,9.9109350381761996e-02
1321,-1.7897623313506000e-01,9.5746954153150998e+00,0.0000000000000000e+00,1.7927633752503000e-01
1320,-1.7520777442002000e-01,9.3199260638010006e+00,0.0000000000000000e+00,1.7548121671205999e-01
1319,-1.7143931570497001e-01,9.0651567122869992e+00,0.0000000000000000e+00,1.7168938675115000e-01
1318,-1.6767085698993001e-01,8.8103873607726992e+00,0.0000000000000000e+00,1.6789817318460001e-01
1317,-1.6390239827486999e-01,8.5556180092579002e+00,0.0000000000000000e+00,1.6410761873227001e-01
1316,-1.6013393955982999e-01,8.3008486577433001e+00,0.0000000000000000e+00,1.6031777014644000e-01
1315,-1.5636548084478000e-01,8.0460793062286999e+00,0.0000000000000000e+00,1.5652867869813000e-01
1314,-1.5259702212973000e-01,7.7913099547142997e+00,0.0000000000000000e+00,1.5274040073515999e-01
1313,-1.4882856341469000e-01,7.5365406031999997e+00,0.0000000000000000e+00,1.4895299832497999e-01
1312,-1.4506010469964001e-01,7.2817712516856004e+00,0.0000000000000000e+00,1.4516653999723000e-01
1311,-1.4129164598461000e-01,7.0270019001725004e+00,0.0000000000000000e+00,1.4138110160499001e-01
1310,-1.3752318726959001e-01,6.7722325486596002e+00,0.0000000000000000e+00,1.3759676732692999e-01
1309,-1.3375472855456999e-01,6.5174631971463004e+00,0.0000000000000000e+00,1.3381363083820000e-01
1308,-1.2998626983954001e-01,6.2626938456334003e+00,0.0000000000000000e+00,1.3003179668407000e-01
1307,-1.2621781112451999e-01,6.0079244941205996e+00,0.0000000000000000e+00,1.2625138189808000e-01
1306,-1.2244935240950000e-01,5.7531551426077998e+00,0.0000000000000000e+00,1.2247251791715000e-01
1305,-1.1868089369447000e-01,5.4983857910951004e+00,0.0000000000000000e+00,1.1869535285875001e-01
290,-1.1516732652033000e-01,6.2500001999966004e-01,0.0000000000000000e+00,1.1516732652036001e-01
291,-1.1516732652033000e-01,8.7500002799966003e-01,0.0000000000000000e+00,1.1516732652036001e-01
1304,-1.1491243497945000e-01,5.2436164395822997e+00,0.0000000000000000e+00,1.1492005424233000e-01
908,-1.1482175372289000e-01,1.1288104973141000e+00,0.0000000000000000e+00,1.1482175372290999e-01
909,-1.1413060812799999e-01,1.3864314279422001e+00,0.0000000000000000e+00,1.1413060812799999e-01
910,-1.1343946253311001e-01,1.6440523585700999e+00,0.0000000000000000e+00,1.1343946253311001e-01
911,-1.1274831693822000e-01,1.9016732891976000e+00,0.0000000000000000e+00,1.1274831693822000e-01
912,-1.1205717134334001e-01,2.1592942198252998e+00,0.0000000000000000e+00,1.1205717134334001e-01
913,-1.1136602574845000e-01,2.4169151504533000e+00,0.0000000000000000e+00,1.1136602574845000e-01
1303,-1.1114397626442001e-01,4.9888470880693996e+00,0.0000000000000000e+00,1.1114681225910999e-01
914,-1.1067488015356999e-01,2.6745360810813001e+00,0.0000000000000000e+00,1.1067488015356999e-01
915,-1.0998373455868000e-01,2.9321570117101001e+00,0.0000000000000000e+00,1.0998373455868000e-01
916,-1.0929258896378000e-01,3.1897779423394002e+00,0.0000000000000000e+00,1.0929258896378000e-01
917,-1.0860144336888999e-01,3.4473988729684999e+00,0.0000000000000000e+00,1.0860144336888999e-01
918,-1.0791029777400001e-01,3.7050198035977999e+00,0.0000000000000000e+00,1.0791029777400001e-01
1302,-1.0737551754940000e-01,4.7340777365564000e+00,0.0000000000000000e+00,1.0737584372277000e-01
919,-1.0721915217911000e-01,3.9626407342270000e+00,0.0000000000000000e+00,1.0721915217911000e-01
920,-1.0652800658422000e-01,4.2202616648560998e+00,0.0000000000000000e+00,1.0652800658422000e-01
921,-1.0583686098933000e-01,4.4778825954853003e+00,0.0000000000000000e+00,1.0583686098936999e-01
1422,1.2500000399983999e-01,9.8127790187811001e+00,0.0000000000000000e+00,1.0006746120174000e-01
1426,1.2500000400014999e-01,1.0613318708397999e+01,0.0000000000000000e+00,1.0006746120250000e-01
91,1.3392857571381001e-01,3.7500001200027999e-01,0.0000000000000000e+00,1.2500000399972000e-01
1427,3.7500001199938998e-01,9.8128599683834992e+00,0.0000000000000000e+00,1.0005846680145999e-01
1431,3.7500001200050997e-01,1.0613327702797999e+01,0.0000000000000000e+00,1.0005846680182000e-01
93,4.0178572714142002e-01,3.7500001200027000e-01,0.0000000000000000e+00,1.2500000399972999e-01
1432,6.2500001999882004e-01,9.8129409179859994e+00,0.0000000000000000e+00,1.0004947240117000e-01
1436,6.2500002000096000e-01,1.0613336697198999e+01,0.0000000000000000e+00,1.0004947240139000e-01
95,6.6964287856900995e-01,3.7500001200026001e-01,0.0000000000000000e+00,1.2500000399974001e-01
1437,8.7500002799832999e-01,9.8130218675884997e+00,0.0000000000000000e+00,1.0004047800088001e-01
1441,8.7500002800150001e-01,1.0613345691598999e+01,0.0000000000000000e+00,1.0004047800096000e-01
97,9.3750002999661997e-01,3.7500001200025002e-01,0.0000000000000000e+00,1.2500000399975000e-01
1442,1.1250000359984000e+00,9.8131028171909005e+00,0.0000000000000000e+00,1.0003148360060000e-01
1446,1.1250000360015999e+00,1.0613354685998999e+01,0.0000000000000000e+00,1.0003148360053001e-01
99,1.2053571814243000e+00,3.7500001200024002e-01,0.0000000000000000e+00,1.2500000399976000e-01
1447,1.3750000439990000e+00,9.8131837667934008e+00,0.0000000000000000e+00,1.0002248920031000e-01
1451,1.3750000440012000e+00,1.0613363680400001e+01,0.0000000000000000e+00,1.0002248920009001e-01
101,1.4732143328520999e+00,3.7500001200022998e-01,0.0000000000000000e+00,1.2500000399976999e-01
1452,1.6250000519995000e+00,9.8132647163958993e+00,0.0000000000000000e+00,1.0001349480002000e-01
1456,1.6250000520007000e+00,1.0613372674800001e+01,0.0000000000000000e+00,1.0001349479966000e-01
103,1.7410714842809001e+00,3.7500001200021998e-01,0.0000000000000000e+00,1.2500000399978001e-01
1457,1.8750000599998999e+00,9.8133456659983995e+00,0.0000000000000000e+00,1.0000450039974000e-01
1461,1.8750000600001999e+00,1.0613381669201001e+01,0.0000000000000000e+00,1.0000450039894999e-01
105,2.0089286357103999e+00,3.7500001200020999e-01,0.0000000000000000e+00,1.2500000399979000e-01
107,2.2767857871399002e+00,3.7500001200020000e-01,0.0000000000000000e+00,1.2500000399979999e-01
109,2.5446429385694000e+00,3.7500001200019001e-01,0.0000000000000000e+00,1.2500000399981001e-01
111,2.8125000899988999e+00,3.7500001200017002e-01,0.0000000000000000e+00,1.2500000399982999e-01
113,3.0803572414284002e+00,3.7500001200015998e-01,0.0000000000000000e+00,1.2500000399983999e-01
115,3.3482143928579000e+00,3.7500001200014998e-01,0.0000000000000000e+00,1.2500000399985001e-01
117,3.6160715442873999e+00,3.7500001200013999e-01,0.0000000000000000e+00,1.2500000399986000e-01
119,3.8839286957169001e+00,3.7500001200013000e-01,0.0000000000000000e+00,1.2500000399986999e-01
121,4.1517858471464004e+00,3.7500001200012001e-01,0.0000000000000000e+00,1.2500000399988001e-01
123,4.4196429985758998e+00,3.7500001200011002e-01,0.0000000000000000e+00,1.2500000399989000e-01
125,4.6875001500054001e+00,3.7500001200010002e-01,0.0000000000000000e+00,1.2500000399989999e-01
127,4.9553573014349004e+00,3.7500001200008998e-01,0.0000000000000000e+00,1.2500000399990999e-01
129,5.2232144528643998e+00,3.7500001200007999e-01,0.0000000000000000e+00,1.2500000399992001e-01
131,5.4910716042939001e+00,3.7500001200006999e-01,0.0000000000000000e+00,1.2500000399993000e-01
133,5.7589287557234004e+00,3.7500001200006000e-01,0.0000000000000000e+00,1.2500000399993999e-01
135,6.0267859071528997e+00,3.7500001200005001e-01,0.0000000000000000e+00,1.2500000399995001e-01
137,6.2946430585824000e+00,3.7500001200004002e-01,0.0000000000000000e+00,1.2500000399996000e-01
139,6.5625002100119003e+00,3.7500001200003003e-01,0.0000000000000000e+00,1.2500000399996999e-01
141,6.8303573614413997e+00,3.7500001200001998e-01,0.0000000000000000e+00,1.2500000399997999e-01
143,7.0982145128709000e+00,3.7500001200000999e-01,0.0000000000000000e+00,1.2500000399999001e-01
145,7.3660716643004003e+00,3.7500001199999999e-01,0.0000000000000000e+00,1.2500000400000000e-01
147,7.6339288157291998e+00,3.7500001199999000e-01,0.0000000000000000e+00,1.2500000400000999e-01
149,7.9017859671573998e+00,3.7500001199998001e-01,0.0000000000000000e+00,1.2500000400002001e-01
151,8.1696431185856007e+00,3.7500001199997002e-01,0.0000000000000000e+00,1.2500000400003000e-01
153,8.4375002700137998e+00,3.7500001199996003e-01,0.0000000000000000e+00,1.2500000400003999e-01
155,8.7053574214418994e+00,3.7500001199994998e-01,0.0000000000000000e+00,1.2500000400005001e-01
157,8.9732145728701003e+00,3.7500001199993999e-01,0.0000000000000000e+00,1.2500000400006001e-01
159,9.2410717242982994e+00,3.7500001199992999e-01,0.0000000000000000e+00,1.2500000400007000e-01
161,9.5089288757265003e+00,3.7500001199992000e-01,0.0000000000000000e+00,1.2500000400007999e-01
163,9.7767860271545999e+00,3.7500001199991001e-01,0.0000000000000000e+00,1.2500000400009001e-01
165,1.0044643178583000e+01,3.7500001199990002e-01,0.0000000000000000e+00,1.2500000400010000e-01
167,1.0312500330011000e+01,3.7500001199989003e-01,0.0000000000000000e+00,1.2500000400010999e-01
169,1.0580357481439000e+01,3.7500001199987998e-01,0.0000000000000000e+00,1.2500000400012001e-01
171,1.0848214632867000e+01,3.7500001199986999e-01,0.0000000000000000e+00,1.2500000400013001e-01
173,1.1116071784295000e+01,3.7500001199985999e-01,0.0000000000000000e+00,1.2500000400014000e-01
175,1.1383928935724001e+01,3.7500001199985000e-01,0.0000000000000000e+00,1.2500000400014999e-01
177,1.1651786087152001e+01,3.7500001199984001e-01,0.0000000000000000e+00,1.2500000400016001e-01
179,1.1919643238580001e+01,3.7500001199983002e-01,0.0000000000000000e+00,1.2500000400017000e-01
181,1.2187500390007999e+01,3.7500001199982003e-01,0.0000000000000000e+00,1.2500000400017999e-01
183,1.2455357541435999e+01,3.7500001199980998e-01,0.0000000000000000e+00,1.2500000400019001e-01
185,1.2723214692864000e+01,3.7500001199978999e-01,0.0000000000000000e+00,1.2500000400020000e-01
187,1.2991071844293000e+01,3.7500001199978000e-01,0.0000000000000000e+00,1.2500000400021000e-01
189,1.3258928995721000e+01,3.7500001199977001e-01,0.0000000000000000e+00,1.2500000400021999e-01
191,1.3526786147149000e+01,3.7500001199976002e-01,0.0000000000000000e+00,1.2500000400024000e-01
193,1.3794643298576000e+01,3.7500001199975003e-01,0.0000000000000000e+00,1.2500000400024999e-01
195,1.4062500450004000e+01,3.7500001199973998e-01,0.0000000000000000e+00,1.2500000400026001e-01
197,1.4330357601431000e+01,3.7500001199972999e-01,0.0000000000000000e+00,1.2500000400027000e-01
199,1.4598214752859000e+01,3.7500001199972000e-01,0.0000000000000000e+00,1.2500000400028000e-01
201,1.4866071904286001e+01,3.7500001199971000e-01,0.0000000000000000e+00,1.2500000400019001e-01
